Date,Title,URL,md_file,ESG_or_not
2026-05-08,Victoria’s first female mining warden appointed,https://resources.vic.gov.au/about-us/news/victorias-first-female-mining-warden-appointed,1.md,Yes
2026-05-07,Joint operation takes aim at international scam syndicate,https://www.ato.gov.au/media-centre/joint-operation-takes-aim-at-international-scam-syndicate,CLEANED,NO FILE
2026-05-05,Nominate now for the 2026 Australian Biosecurity Awards,https://www.agriculture.gov.au/about/news/nominate-now-2026-aba,3.md,Yes
2026-05-01,Detector dog teams protect Australia from exotic animal diseases,https://www.agriculture.gov.au/about/news/detector-dog-teams-protect,4.md,Yes
2026-05-07,$3 million Green Sheep Project launched at Agfest,https:// minister.agriculture.gov.au/collins/media-releases/green-sheep-project-launch-agfest,FAILED,NO FILE
2026-05-06,Joint media release: Government securing more fuel reserves,https://minister.agriculture.gov.au/collins/media-releases/government-securing-more-fuel-reserves,6.md,Yes
2026-05-06,Joint media release: Boosting the resilience of Tasmanian farmers,https://minister.agriculture.gov.au/collins/media-releases/farm-business-resilience-program-second-phase-tasmania,7.md,Yes
2026-05-05,Celebrating biosecurity champions across the country,https://minister.agriculture.gov.au/collins/media-releases/celebrating-biosecurity-champions-across-country,8.md,Yes
2026-05-01,New Inspector General appointed to oversee animal welfare and live animal exports,https://minister.agriculture.gov.au/collins/media-release/media-release-inspector-general-of-animal-welfare-and-live-animal-exports-ashley-bunce,9.md,Yes
2026-05-01,New market access to Indonesia for five export meat establishments,https://minister.agriculture.gov.au/collins/media-release/media-release-five-new-export-meat-establishments-approved-for-indonesia,10.md,Yes
2026-05-08,25 years of Mangrove Jack research delivers outstanding results for Gladstone anglers,https://statements.qld.gov.au/statements/105032,11.md,Yes
2026-05-08,Major Commissioning fund for bigger and bolder Queensland-made arts experiences,https://statements.qld.gov.au/statements/105038,12.md,Yes
2026-05-08,Countdown on to beefed up Beef2027,https://statements.qld.gov.au/statements/105037,13.md,No
2026-05-08,Apprenticeship numbers soar as Crisafulli Government turns tide on Labor’s skills shortage,https://statements.qld.gov.au/statements/105043,14.md,Yes
2026-05-08,Crisafulli Government permanently blocks Reedy Creek quarry,https://statements.qld.gov.au/statements/105044,15.md,Yes
2026-05-07,Crisafulli Government unites communities for Reconciliation Week,https://statements.qld.gov.au/statements/105030,16.md,Yes
2026-05-07,"Crisafulli Government delivers $500,000 for Tingalpa Creek Bridge business case",https://statements.qld.gov.au/statements/105031,17.md,No
2026-05-07,Statement from Education Minister John-Paul Langbroek,https://statements.qld.gov.au/statements/105035,18.md,Yes
2026-05-07,Crisafulli Government delivers funding for Far North Queensland tourism upgrades,https://statements.qld.gov.au/statements/105029,19.md,Yes
2026-05-06,Kickstarting early intervention to keep Gympie youth out of crime,https://statements.qld.gov.au/statements/105020,20.md,Yes
2026-05-06,$73.8 million boost to train more tradies in Queensland,https://statements.qld.gov.au/statements/105025,21.md,Yes
2026-05-06,Back to School Boost delivering cost-of-living relief for Queensland families,https://statements.qld.gov.au/statements/105028,22.md,Yes
2026-05-01,"IMO progresses work on ship emissions, pollution and ocean protection",https://www.imo.org/en/MediaCentre/PressBriefings/pages/IMO-progresses-work-on-ship-emissions-pollution-and-ocean-protection.aspx,23.md,Yes
2026-05-05,Mozambique advances maritime security coordination with IMO support,https://www.imo.org/en/MediaCentre/Pages/WhatsNew-2446.aspx,24.md,Yes
2026-05-01,Workshops promote maritime decarbonization in South-East Asia,https://www.imo.org/en/MediaCentre/Pages/WhatsNew-2447.aspx,25.md,Yes
2026-05-07,EU awards over €1 billion to European hydrogen projects to accelerate the clean transition,https://ec.europa.eu/commission/presscorner/detail/en/ip_26_1004,CLEANED,NO FILE
2026-05-07,EU prepares coordinated response to address the jet fuel supply situation as the conflict in the Middle East persists,https://energy.ec.europa.eu/news/eu-prepares-coordinated-response-address-jet-fuel-supply-situation-conflict-middle-east-persists-2026-05-07_en,27.md,Yes
2026-05-05,Speech by Commissioner Jørgensen at the French G7 Presidency's International High-Level Multi-Stakeholder Event on Methane Action,https://ec.europa.eu/commission/presscorner/detail/en/speech_26_987,CLEANED,NO FILE
2026-05-05,Eurostat: EU household electricity prices stable in 2025,https://ec.europa.eu/eurostat/en/web/products-eurostat-news/w/ddn-20260505-1,29.md,Yes
2026-05-05,Eurostat: EU household gas prices up in the second half of 2025,https://ec.europa.eu/eurostat/en/web/products-eurostat-news/w/ddn-20260505-2,CLEANED,NO FILE
2026-05-05,EU-Moldova High-Level Energy Dialogue: Renewed commitment to closer energy cooperation,https://energy.ec.europa.eu/news/eu-moldova-high-level-energy-dialogue-renewed-commitment-closer-energy-cooperation-2026-05-05_en,31.md,Yes
2026-05-05,2026 European Sustainable Energy Awards: vote for your favourite finalist,https://energy.ec.europa.eu/news/2026-european-sustainable-energy-awards-vote-your-favourite-finalist-2026-05-05_en,32.md,Yes
2026-05-04,Commissioner Jørgensen hosts high-level implementation dialogue on energy efficiency,https://energy.ec.europa.eu/news/commissioner-jorgensen-hosts-high-level-implementation-dialogue-energy-efficiency-2026-05-05_en,33.md,Yes
2026-05-05,Member States move ahead with Commission proposal to reinforce data sharing in fight against cross-border tax fraud,https://taxation-customs.ec.europa.eu/news/member-states-move-ahead-commission-proposal-reinforce-data-sharing-fight-against-cross-border-tax-2026-05-05_en,34.md,Yes
2026-05-07,CBAM: How to make decarbonisation efforts pay off,https://taxation-customs.ec.europa.eu/carbon-border-adjustment-mechanism/carbon-border-adjustment-mechanism-how-make-decarbonisation-efforts-pay-2026-05-07_en,35.md,Yes
2026-05-06,IAASB Seeks Feedback on Proposed Revisions to ISRE 2410 to Strengthen Interim Review Engagements,https://www.iaasb.org/news-events/2026-05/iaasb-seeks-feedback-proposed-revisions-isre-2410-strengthen-interim-review-engagements,36.md,Yes
2026-05-07,Fires ignite impassioned response from regional communities,https://www.parliament.vic.gov.au/news/environment/firehearings,37.md,Yes
2026-05-05,Experts say biodiversity critical to Victoria’s future,https://www.parliament.vic.gov.au/news/environment/regenerative-seminar,38.md,Yes
2026-05-04,Scams misusing Department of Social Services branding and programs,https://www.dss.gov.au/news/scams-misusing-department-social-services-branding-and-programs,39.md,Yes
2026-05-01,New urban farming project to increase food access,https://www.dss.gov.au/news/new-urban-farming-project-increase-food-access,40.md,Yes
2026-05-07,Governor Newsom launches Engaged California statewide for the first time to give all Californians a stronger voice in AI policy,https://www.gov.ca.gov/2026/05/07/governor-newsom-launches-engaged-california-statewide-for-the-first-time-to-give-all-californians-a-stronger-voice-in-ai-policy/,41.md,Yes
2026-05-06,"Governor Newsom announces $1B in private investment generated through California Competes Tax Credits, driving business expansion in key industry sectors",https://www.gov.ca.gov/2026/05/06/governor-newsom-announces-1b-in-private-investment-generated-through-california-competes-tax-credits-driving-business-expansion-in-key-industry-sectors/,42.md,Yes
2026-05-04,Governor Newsom proclaims Wildfire Preparedness Week as state doubles down on wildfire readiness,https://www.gov.ca.gov/2026/05/04/governor-newsom-proclaims-wildfire-preparedness-week-as-state-doubles-down-on-wildfire-readiness/,43.md,Yes
2026-05-07,Governor Newsom proclaims National Teacher Appreciation Week,https://www.gov.ca.gov/2026/05/07/governor-newsom-proclaims-national-teacher-appreciation-week/,44.md,Yes
2026-05-07,California is more prepared for our water future than ever before,https://www.gov.ca.gov/2026/05/07/california-is-more-prepared-for-our-water-future-than-ever-before/,45.md,Yes
2026-05-07,"During Wildfire Preparedness Week, Governor Newsom announces $70 million available for wildfire prevention and resilience projects statewide",https://www.gov.ca.gov/2026/05/07/during-wildfire-preparedness-week-governor-newsom-announces-70-million-available-for-wildfire-prevention-and-resilience-projects-statewide/,46.md,Yes
2026-05-07,Film industry and labor leaders celebrate Governor Newsom’s expanded California Film & Television Tax Credit Program as filming grows in the Golden State,https://www.gov.ca.gov/2026/05/07/film-industry-and-labor-leaders-celebrate-governor-newsoms-expanded-california-film-television-tax-credit-program-as-filming-grows-in-the-golden-state/,47.md,Yes
2026-05-01,AASB May 2026 Board Meeting Public Agenda and Papers out now,https://aasb.gov.au/news/aasb-may-2026-board-meeting-public-agenda-and-papers-out-now/,48.md,Yes
2026-05-05,Message from Mr Khaled El-Enany Director-General of UNESCO for African World Heritage Day 5 May 2026,https://whc.unesco.org/en/news/2895,CLEANED,NO FILE
2026-05-05,Improving World Heritage management in Malawi,https://whc.unesco.org/en/news/2896,50.md,Yes
2026-05-08,Key appointments to Synergy Board,https://www.wa.gov.au/government/media-statements/Cook%20Labor%20Government/Key-appointments-to-Synergy-Board--20260508,51.md,Yes
2026-05-07,Cook Labor Government delivering for the Wheatbelt,https://www.wa.gov.au/government/media-statements/Cook%20Labor%20Government/Cook-Labor-Government-delivering-for-the-Wheatbelt-20260507,52.md,Yes
2026-05-07,Cook Labor Government delivering for the Gascoyne,https://www.wa.gov.au/government/media-statements/Cook%20Labor%20Government/Cook-Labor-Government-delivering-for-the-Gascoyne-20260507,CLEANED,NO FILE
2026-05-07,Cook Labor Government delivering for Peel,https://www.wa.gov.au/government/media-statements/Cook%20Labor%20Government/Cook-Labor-Government-delivering-for-Peel-20260507,54.md,Yes
2026-05-07,Cook Labor Government delivering for the Mid West,https://www.wa.gov.au/government/media-statements/Cook%20Labor%20Government/Cook-Labor-Government-delivering-for-the-Mid-West-20260507,CLEANED,NO FILE
2026-05-07,Cook Labor Government delivering for the Great Southern,https://www.wa.gov.au/government/media-statements/Cook%20Labor%20Government/Cook-Labor-Government-delivering-for-the-Great-Southern-20260507,56.md,Yes
2026-05-07,Cook Labor Government delivering for the Kimberley,https://www.wa.gov.au/government/media-statements/Cook%20Labor%20Government/Cook-Labor-Government-delivering-for-the-Kimberley-20260507,57.md,Yes
2026-05-07,Cook Labor Government delivering for Goldfields-Esperance,https://www.wa.gov.au/government/media-statements/Cook%20Labor%20Government/Cook-Labor-Government-delivering-for-Goldfields-Esperance-20260507,58.md,Yes
2026-05-07,Cook Labor Government delivering for the South West,https://www.wa.gov.au/government/media-statements/Cook%20Labor%20Government/Cook-Labor-Government-delivering-for-the-South-West-20260507,59.md,Yes
2026-05-07,Cook Labor Government delivering for the Pilbara,https://www.wa.gov.au/government/media-statements/Cook%20Labor%20Government/Cook-Labor-Government-delivering-for-the-Pilbara-20260507,60.md,Yes
2026-05-07,Cook Labor Government delivering for regional Western Australia,https://www.wa.gov.au/government/media-statements/Cook%20Labor%20Government/Cook-Labor-Government-delivering-for-regional-Western-Australia-20260507,CLEANED,NO FILE
2026-05-07,"Budget delivers better outcomes for Aboriginal people, communities","https://www.wa.gov.au/government/media-statements/Cook%20Labor%20Government/Budget-delivers-better-outcomes-for-Aboriginal-people,-communities-20260507",62.md,Yes
2026-05-07,Budget to strengthen and protect Western Australia's environment,https://www.wa.gov.au/government/media-statements/Cook%20Labor%20Government/Budget-to-strengthen-and-protect-Western-Australia's-environment-20260507,63.md,Yes
2026-05-07,Budget delivering quality infrastructure for Western Australians,https://www.wa.gov.au/government/media-statements/Cook%20Labor%20Government/Budget-delivering-quality-infrastructure-for-Western-Australians-20260507,64.md,Yes
2026-05-07,"Budget delivering safe, inclusive communities in Western Australia","https://www.wa.gov.au/government/media-statements/Cook%20Labor%20Government/Budget-delivering-safe,-inclusive-communities-in-Western-Australia--20260507",65.md,Yes
2026-05-07,Budget to deliver quality education throughout Western Australia,https://www.wa.gov.au/government/media-statements/Cook%20Labor%20Government/Budget-to-deliver-quality-education-throughout-Western-Australia-20260507,66.md,Yes
2026-05-07,Budget to help Western Australians access healthcare they need,https://www.wa.gov.au/government/media-statements/Cook%20Labor%20Government/Budget-to-help-Western-Australians-access-healthcare-they-need-20260507,67.md,Yes
2026-05-07,Budget to keep Western Australia's economy strongest in the nation,https://www.wa.gov.au/government/media-statements/Cook%20Labor%20Government/Budget-to-keep-Western-Australia's-economy-strongest-in-the-nation-20260507,68.md,Yes
2026-05-07,Budget focused on ensuring every Western Australian has a home,https://www.wa.gov.au/government/media-statements/Cook%20Labor%20Government/Budget-focused-on-ensuring-every-Western-Australian-has-a-home-20260507,69.md,Yes
2026-05-07,Budget delivers cost-of-living relief to Western Australian families,https://www.wa.gov.au/government/media-statements/Cook%20Labor%20Government/Budget-delivers-cost-of-living-relief-to-Western-Australian-families-20260507,70.md,Yes
2026-05-07,GCF and UNICEF strengthen partnership to scale climate action,https://www.greenclimate.fund/news/gcf-and-unicef-strengthen-partnership-scale-climate-action,71.md,Yes
2026-05-08,University spending on R&D returns to pre-COVID-19 levels,https://www.abs.gov.au/media-centre/media-releases/university-spending-rd-returns-pre-covid-19-levels,72.md,No
2026-05-07,Less than 100 days to the 2026 Census,https://www.abs.gov.au/media-centre/media-releases/less-100-days-2026-census,73.md,No
2026-05-06,"7 ways Australians felt, connected and contributed in 2025",https://www.abs.gov.au/media-centre/media-releases/7-ways-australians-felt-connected-and-contributed-2025,74.md,Yes
2026-05-05,Transport costs fuel sharp rise in household spending,https://www.abs.gov.au/media-centre/media-releases/transport-costs-fuel-sharp-rise-household-spending,75.md,No
2026-05-04,Dwelling approvals fall in March,https://www.abs.gov.au/media-centre/media-releases/dwelling-approvals-fall-march-0,76.md,No
2026-05-01,New insights into Aboriginal and Torres Strait Islander peoples’ physical activity and sleep,https://www.abs.gov.au/media-centre/media-releases/new-insights-aboriginal-and-torres-strait-islander-peoples-physical-activity-and-sleep,77.md,Yes
2026-05-06,EOI to exhibit at Australia’s Premier Food Industry Trade Show are open!,https://www.investregional.nsw.gov.au/news/eoi-exhibit-australias-premier-food-industry-trade-show-are-open,78.md,No
2026-05-06,Aquaculture success on the South Coast,https://www.investregional.nsw.gov.au/news/aquaculture-success-south-coast,79.md,Yes
2026-05-06,Major push to control feral deer in western NSW underway,https://www.nsw.gov.au/ministerial-releases/controlling-feral-deer-western-nsw,80.md,Yes
2026-05-04,"99% efficient bioreactors, but whole-farm action matters",https://www.nsw.gov.au/departments-and-agencies/local-land-services/news/99-efficient-bioreactors-but-whole-farm-action-matters,81.md,Yes
2026-05-04,Talking tactics for the winter ahead,https://www.nsw.gov.au/departments-and-agencies/local-land-services/news/talking-tactics-for-winter-ahead,82.md,Yes
2026-05-04,Good Neighbours Program helps tackle orange hawkweed,https://www.nsw.gov.au/departments-and-agencies/local-land-services/news/good-neighbours-program-helps-tackle-orange-hawkweed,83.md,Yes
2026-05-05,Türkiye embarks on the Silk Road Caravan 2026,https://www.unccd.int/news-stories/press-releases/turkiye-embarks-silk-road-caravan-2026,84.md,Yes
2026-05-06,Science in action: Meet Rohana,https://www2.gbrmpa.gov.au/news/science-action-meet-rohana,85.md,Yes
2026-05-05,End of summer snapshot reveals varied pressures for the Great Barrier Reef,https://www2.gbrmpa.gov.au/news/end-summer-snapshot-reveals-varied-pressures-great-barrier-reef,86.md,Yes
2026-05-04,The Daphne Caruana Galizia Prize for Journalism - call for submission of entries,https://www.europarl.europa.eu/news/en/press-room/20260430IPR42316/the-daphne-caruana-galizia-prize-for-journalism-call-for-submission-of-entries,87.md,Yes
2026-05-04,Media Release - Draft findings on NSW biodiversity credits market in 2024-25 - 4 May 2026,https://www.ipart.nsw.gov.au/documents/media-release/media-release-draft-findings-nsw-biodiversity-credits-market-2024-25-4-may-2026,88.md,Yes
2026-05-08,Netflix series 'Radioactive Emergency' reviewed by an ANSTO health physicist,https://www.ansto.gov.au/news/netflix-series-radioactive-emergency-reviewed-by-an-ansto-health-physicist,89.md,No
2026-05-08,Domestic gas reservation secures Australian gas for Australian users,https://www.dcceew.gov.au/about/news/domestic-gas-reservation-secures-australian-gas,90.md,Yes
2026-05-08,Electricity Contract Co-design Working Group established,https://www.dcceew.gov.au/about/news/electricity-contract-codesign-working-group-established,91.md,Yes
2026-05-08,Register for the NGER Method 2 review webinar,https://www.dcceew.gov.au/about/news/register-nger-method-2-review-webinar,92.md,Yes
2026-05-07,Meet the people monitoring for H5 bird flu,https://www.dcceew.gov.au/about/news/meet-people-monitoring-h5-bird-flu,93.md,Yes
2026-05-06,City of Ipswich trials a FOGO collection service,https://www.dcceew.gov.au/about/news/city-ipswich-trials-fogo-collection-service,CLEANED,NO FILE
2026-05-06,Compostable produce bags provided in supermarkets,https://www.dcceew.gov.au/about/news/compostable-produce-bags-provided-in-supermarkets,95.md,Yes
2026-05-06,CleanBins AI improves organic waste collection,https://www.dcceew.gov.au/about/news/cleanbins-ai-improves-organic-waste-collection,96.md,Yes
2026-05-05,Securing Australia’s fuel supply,https://www.dcceew.gov.au/about/news/securing-australias-fuel-supply,97.md,Yes
2026-05-05,Developer Rating Scheme is now open,https://www.dcceew.gov.au/about/news/developer-rating-scheme-is-now-open,98.md,Yes
2026-05-05,Meet Sally Higgins – Youth Climate Champion for COP31,https://www.dcceew.gov.au/about/news/meet-sally-higgins-youth-climate-champion-cop31,99.md,Yes
2026-05-01,Minns Labor Government unlocks land to build more than 200 new homes in East Tamworth,https://www.planning.nsw.gov.au/news/minns-labor-government-unlocks-land-build-more-than-200-new-homes-east-tamworth,100.md,Yes
2026-05-05,BASIX tool upgrades now live,https://www.planningportal.nsw.gov.au/news/basix-tool-upgrades-now-live,101.md,Yes
2026-05-04,1 May 2026 release summary,https://www.planningportal.nsw.gov.au/news/1-may-2026-release-summary,102.md,Yes
2026-05-06,"Interview with Nikolai Beilharz, ABC Adelaide Drive",https://www.foreignminister.gov.au/minister/penny-wong/transcript/interview-nikolai-beilharz-abc-adelaide-drive,103.md,No
2026-05-06,"Interview with Ali Moore, ABC Melbourne Drive",https://www.foreignminister.gov.au/minister/penny-wong/transcript/interview-ali-moore-abc-melbourne-drive,104.md,Yes
2026-05-06,Press Conference - Suva Fiji,https://www.foreignminister.gov.au/minister/penny-wong/transcript/press-conference-suva-fiji-2,105.md,Yes
2026-05-05,"Opening remarks, Meeting with Pacific Islands Forum Secretary General Baron Waqa",https://www.foreignminister.gov.au/minister/penny-wong/transcript/opening-remarks-meeting-pacific-islands-forum-secretary-general-baron-waqa,106.md,Yes
2026-05-04,"Interview with Natalie Barr, Sunrise",https://www.foreignminister.gov.au/minister/penny-wong/transcript/interview-natalie-barr-sunrise-7,107.md,Yes
2026-05-04,"Interview with James Glenday, ABC News Breakfast",https://www.foreignminister.gov.au/minister/penny-wong/transcript/interview-james-glenday-abc-news-breakfast-7,108.md,No
2026-05-06,General Council chair outlines next steps to build on momentum from MC14 negotiations,https://www.wto.org/english/news_e/news26_e/gc_06may26_386_e.htm,CLEANED,NO FILE
2026-05-05,"United States notifies import surcharges, ready for WTO consultations",https://www.wto.org/english/news_e/news26_e/bop_05may26_385_e.htm,CLEANED,NO FILE
2026-05-04,"WTO members discuss action plan for cotton sector after MC14, World Cotton Day 2026",https://www.wto.org/english/news_e/news26_e/cott_04may26_384_e.htm,CLEANED,NO FILE
2026-05-04,Trade Policy Review: Belize,https://www.wto.org/english/tratop_e/tpr_e/tpr_blz_04may26_e.htm,CLEANED,NO FILE
2026-05-01,Members adopt rules of procedure at first Fisheries Subsidies Committee meeting,https://www.wto.org/english/news_e/news26_e/fish_01may26_382_e.htm,113.md,Yes
2026-05-08,"Doorstop - Burwood, Victoria",https://www.pm.gov.au/media/doorstop-burwood-victoria,114.md,Yes
2026-05-08,Investing in suburban Rail Loop East for a more productive and better-connected Melbourne,https://www.pm.gov.au/media/investing-suburban-rail-loop-east-more-productive-and-better-connected-melbourne,115.md,Yes
2026-05-08,Radio interview - Nova Melbourne,https://www.pm.gov.au/media/radio-interview-nova-melbourne-3,116.md,No
2026-05-06,Press conference - Sydney,https://www.pm.gov.au/media/press-conference-sydney-6-may-2026,117.md,Yes
2026-05-06,Government securing more fuel reserves - the Australian Fuel Security and Resilience package,https://www.pm.gov.au/media/government-securing-more-fuel-reserves-australian-fuel-security-and-resilience-package,CLEANED,NO FILE
2026-05-05,"Doorstop - Murrumba Downs, QLD",https://www.pm.gov.au/media/doorstop-murrumba-downs-qld,119.md,Yes
2026-05-04,"Media statements - Parliament House, Canberra",https://www.pm.gov.au/media/media-statements-parliament-house-canberra,120.md,Yes
2026-05-04,Opening remarks - Parliament House,https://www.pm.gov.au/media/opening-remarks-parliament-house,121.md,No
2026-05-04,Enhanced defence and security cooperation with Japan,https://www.pm.gov.au/media/enhanced-defence-and-security-cooperation-japan,122.md,No
2026-05-04,Australia - Japan leadership dialogue,https://www.pm.gov.au/media/australia-japan-leadership-dialogue,123.md,No
2026-05-04,Strengthening energy security with Japan,https://www.pm.gov.au/media/strengthening-energy-security-japan,124.md,Yes
2026-05-04,Cyber partnership with Japan,https://www.pm.gov.au/media/cyber-partnership-japan,125.md,No
2026-05-06,Hantavirus: the ‘silent’ virus,https://www.csiro.au/en/news/All/Articles/2026/May/Hantavirus-explainer,126.md,No
2026-05-08,Copper: The metal connecting Australia’s geology to a net zero world,https://www.csiro.au/en/news/All/Articles/2026/May/copper,127.md,Yes
2026-05-08,Science lighting the way on Australia's roads,https://www.csiro.au/en/news/All/Articles/2026/May/Science-lighting-the-way-on-roads,128.md,Yes
2026-05-04,Submission: CCA Evidence Platform to Support Investors on Progress to Net Zero,https://igcc.org.au/submission-cca-evidence-platform-to-support-investors-on-progress-to-net-zero/,129.md,Yes
2026-05-07,On Good Authority - 6 May 2026,https://www.climatechangeauthority.gov.au/good-authority-6-may-2026,130.md,Yes
2026-05-07,Energy leadership in action,https://www.climatechangeauthority.gov.au/energy-leadership-action,131.md,Yes
2026-05-05,"Smarter buildings, stronger energy system",https://www.climatechangeauthority.gov.au/smarter-buildings-stronger-energy-system,132.md,Yes
2026-05-07,World Bank Prices New AUD 2 Billion with 5.5-Year Sustainable Development Bond,http://www.worldbank.org/en/news/press-release/2026/05/07/world-bank-prices-new-aud-2-billion-with-5-5-year-sustainable-development-bond,133.md,Yes
2026-05-07,World Bank and UAE Partner to Strengthen Investment Climate and Competitiveness,http://www.worldbank.org/en/news/press-release/2026/05/07/world-bank-and-uae-partner-to-strengthen-investment-climate-and-competitiveness,134.md,Yes
2026-05-05,Western and Central African Leaders Launch a Roadmap to Tackle Health Crisis in the Region,http://www.worldbank.org/en/news/press-release/2026/05/05/western-and-central-african-leaders-launch-a-roadmap-to-tackle-health-crisis-in-the-region,135.md,Yes
2026-05-05,New Partnership Between the World Bank Group and Pacific Island Countries Prioritizes Jobs and Resilience,http://www.worldbank.org/en/news/press-release/2026/05/05/new-partnership-between-the-world-bank-group-and-pacific-island-countries-prioritizes-jobs-and-resilience,136.md,Yes
2026-05-05,The Royal Government of Bhutan and the World Bank Sign Financing Agreements for the Dorjilung Hydroelectric Power Project,http://www.worldbank.org/en/news/press-release/2026/05/05/the-royal-government-of-bhutan-and-the-world-bank-sign-financing-agreements-for-the-dorjilung-hydroelectric-power-projec,137.md,Yes
2026-05-05,"Building Resilience, Powering Jobs and Growth for The Gambia’s Future",http://www.worldbank.org/en/news/press-release/2026/05/05/building-resilience-powering-jobs-and-growth-for-the-gambia-s-future,138.md,Yes
2026-05-04,Western and Central Africa Regional Conference on Early Childhood Nutrition,http://www.worldbank.org/en/news/press-release/2026/05/04/western-and-central-africa-regional-conference-on-early-childhood-nutrition,139.md,Yes
2026-05-01,"World Bank and Asian Development Bank Partner with Tonga to Strengthen Jobs, Connectivity, and Resilience",http://www.worldbank.org/en/news/press-release/2026/05/01/world-bank-and-asian-development-bank-partner-with-tonga-to-strengthen-jobs-connectivity-and-resilience,140.md,Yes
2026-05-01,Tajikistan Boosts Entrepreneurship and Jobs for Women,http://www.worldbank.org/en/news/press-release/2026/05/01/tajikistan-boosts-entrepreneurship-and-jobs-for-women,141.md,Yes
2026-05-08,Don't delay: act now to transition from the SBSCH,https://www.ato.gov.au/businesses-and-organisations/small-business-newsroom/dont-delay-act-now-to-transition-from-the-sbsch,CLEANED,NO FILE
2026-05-08,Payday Super made simpler with SuperStream,https://www.ato.gov.au/businesses-and-organisations/small-business-newsroom/payday-super-made-simpler-with-superstream,CLEANED,NO FILE
2026-05-07,Payday Super: breaking down the basics,https://www.ato.gov.au/businesses-and-organisations/small-business-newsroom/payday-super-breaking-down-the-basics,CLEANED,NO FILE
2026-05-07,Making the move from quarterly super to Payday Super,https://www.ato.gov.au/businesses-and-organisations/small-business-newsroom/making-the-move-from-quarterly-super-to-payday-super,CLEANED,NO FILE
2026-05-04,Spotlight on personal services income compliance focus,https://www.ato.gov.au/businesses-and-organisations/business-bulletins-newsroom/spotlight-on-personal-services-income-compliance-focus,146.md,Yes
2026-05-04,Super guarantee charge (SGC) statements due by 28 May,https://www.ato.gov.au/businesses-and-organisations/small-business-newsroom/super-guarantee-charge-statements-due-by-28-may,CLEANED,NO FILE
2026-05-04,2026 completed issues,https://www.ato.gov.au/about-ato/ato-advice-and-guidance/advice-under-development-program/public-advice-and-guidance-completed-issues/2026-completed-issues,CLEANED,NO FILE
2026-05-04,Advice under development – capital gains tax issues,https://www.ato.gov.au/about-ato/ato-advice-and-guidance/advice-under-development-program/advice-under-development-capital-gains-tax-issues,CLEANED,NO FILE
2026-05-04,Advice under development – GST issues,https://www.ato.gov.au/about-ato/ato-advice-and-guidance/advice-under-development-program/advice-under-development-gst-issues,CLEANED,NO FILE
2026-05-06,2026 to 2027 Victorian State Budget released,https://djsir.vic.gov.au/news-and-articles/2026-to-2027-victorian-state-budget-released,151.md,Yes
2026-05-05,Victorians are finding success through TAFE,https://djsir.vic.gov.au/news-and-articles/victorians-are-finding-success-through-tafe,152.md,Yes
2026-05-08,Celebrate Female Football Week - 8 to 17 May 2026,https://www.infrastructure.gov.au/department/media/news/celebrate-female-football-week-8-17-may-2026,153.md,Yes
2026-05-07,Community update on Norfolk Island projects,https://www.infrastructure.gov.au/department/media/news/community-update-norfolk-island-projects,154.md,Yes
2026-05-01,$48 million in safety upgrades for Victorian roads,https://www.infrastructure.gov.au/department/media/news/48-million-safety-upgrades-victorian-roads,155.md,Yes
2026-05-07,A decisive step on gas,https://www.australianindustrygroup.com.au/news/media-centre/2026/a-decisive-step-on-gas/,CLEANED,NO FILE
2026-05-06,"Fuel security package puts fundamentals in place, but broader responses required",https://www.australianindustrygroup.com.au/news/media-centre/2026/fuel-security-package-puts-fundamentals-in-place-but-broader-responses-required/,157.md,Yes
2026-05-05,RBA sounds the alarm on stagflation on the eve of the budget,https://www.australianindustrygroup.com.au/news/media-centre/2026/rba-sounds-the-alarm-on-stagflation-on-the-eve-of-the-budget/,CLEANED,NO FILE
2026-05-05,Victorian budget ignores economy to pile on more debt,https://www.australianindustrygroup.com.au/news/media-centre/2026/victorian-budget-ignores-economy-to-pile-on-more-debt/,CLEANED,NO FILE
2026-05-04,Decisive national action is needed to tackle illegal tobacco crisis,https://www.australianindustrygroup.com.au/news/media-centre/2026/decisive-national-action-is-needed-to-tackle-illegal-tobacco-crisis/,CLEANED,NO FILE
2026-05-04,Opening statement: Inquiry into the illegal tobacco crisis in Australia,https://www.australianindustrygroup.com.au/news/speeches-transcripts/2026/opening-statement-inquiry-into-the-illegal-tobacco-crisis-in-australia/,161.md,Yes
2026-05-01,VIC Budget: Freebies are not the economic answer,https://www.australianindustrygroup.com.au/news/media-centre/2026/vic-budget-freebies-are-not-the-economic-answer/,CLEANED,NO FILE
2026-05-01,Opinion: Apprenticeships work. Let’s back them and protect them,https://www.australianindustrygroup.com.au/news/speeches-transcripts/2026/apprenticeships-work.-lets-back-them-and-protect-them,CLEANED,NO FILE
2026-05-08,CEFC finance slashes consumer cost of Tasmanian transmission upgrade for Marinus,https://www.cefc.com.au/media/media-release/cefc-finance-slashes-consumer-cost-of-tasmanian-transmission-upgrade-for-marinus/,164.md,Yes
2026-05-08,What those who envisage in-home medical care have missed,https://theenergy.co/article/medtech-and-the-transition,165.md,Yes
2026-05-07,Bowen keeps one in reserve,https://theenergy.co/article/bowen-keeps-one-in-reserve,166.md,Yes
2026-05-07,Developers slow to commit to ratings scheme,https://theenergy.co/article/developers-slow-to-commit-to-ratings-scheme,167.md,Yes
2026-05-06,NSW moves to fast-track renewables,https://theenergy.co/article/nsw-moves-to-squash-bananas-fast-track-renewables,168.md,Yes
2026-05-06,Batteries are the frenemy of the NEM,https://theenergy.co/article/batteries-are-the-frenemy-the-nem,169.md,Yes
2026-05-04,Investors rail against mooted CGT change,https://theenergy.co/article/investors-rail-against-proposed-cgt-changes,170.md,Yes
2026-05-04,Too big to fail? AGL slams Transgrid over Project EnergyConnect,https://theenergy.co/article/too-big-to-fail-agl-slams-transgrid-over-project-energy-connect-mismanagement,171.md,Yes
2026-05-01,We can build renewable energy without leaving nature behind,https://theenergy.co/article/we-can-build-renewable-energy-without-leaving-nature-behind,172.md,Yes
2026-05-01,AirTrunk stands ready to 'flex' and invest in the grid,https://theenergy.co/article/airtrunk-stands-ready-to-flex-and-invest-in-grid,173.md,Yes
2026-05-07,APRA temporarily withdraws Guidelines on Recognition of an External Credit Assessment Institution,https://www.apra.gov.au/news-and-publications/apra-temporarily-withdraws-guidelines-on-recognition-of-an-external-credit,174.md,Yes
2026-05-05,Revised Frequently Asked Questions – APS 221 Large Exposures,https://www.apra.gov.au/news-and-publications/revised-frequently-asked-questions-%E2%80%93-aps-221-large-exposures,175.md,Yes
2026-05-04,APRA revokes in1Bank’s authorised deposit-taking institution licence,https://www.apra.gov.au/news-and-publications/apra-revokes-in1bank%E2%80%99s-authorised-deposit-taking-institution-licence,176.md,Yes
2026-05-05,CSIRO invites WA agrifood and agtech startups to build research capability,https://www.csiro.au/en/news/All/News/2026/May/CSIRO-invites-WA-startups-to-build-research-capability,177.md,Yes
2026-05-08,National AI Centre launches AI.gov.au,https://www.industry.gov.au/news/national-ai-centre-launches-aigovau,178.md,Yes
2026-05-07,The Australian Government is seeking nominations for offshore petroleum exploration in Victoria and...,https://www.industry.gov.au/news/australian-government-seeking-nominations-offshore-petroleum-exploration-victoria-and-tasmania,179.md,Yes
2026-05-05,"$6.2 million for international collaboration in AI, advanced manufacturing, quantum and hydrogen pro...",https://www.industry.gov.au/news/62-million-international-collaboration-ai-advanced-manufacturing-quantum-and-hydrogen-projects,180.md,No
2026-05-07,Turning experience into opportunity: Paul’s career comeback,https://www.dewr.gov.au/newsroom/articles/turning-experience-opportunity-pauls-career-comeback,181.md,Yes
2026-05-07,Queensland TAFE Centre of Excellence - Construction Tech to boost major projects,https://www.dewr.gov.au/newsroom/articles/queensland-tafe-centre-excellence-construction-tech-boost-major-projects,182.md,Yes
2026-05-08,State Funeral Service for the Honourable Peter Morris OAM,https://www.pmc.gov.au/news/state-funeral-service-honourable-peter-morris-oam,183.md,No
2026-05-07,Visit to Australia by the Prime Minister of Japan,https://www.pmc.gov.au/news/visit-australia-prime-minister-japan,184.md,Yes
2026-05-04,10 years of BETA,https://www.pmc.gov.au/news/10-years-beta,185.md,Yes
2026-05-05,"Satellite methane alerts expanded to coal and waste sectors, UNEP announces at G7 Presidency event",https://www.unep.org/news-and-stories/press-release/satellite-methane-alerts-expanded-coal-and-waste-sectors-unep,186.md,Yes
2026-05-08,Cuts Are In The Liberal Party's DNA,https://www.premier.vic.gov.au/cuts-are-liberal-partys-dna,187.md,No
2026-05-08,Road Safety Upgrades Complete Along The Bellarine Highway,https://www.premier.vic.gov.au/road-safety-upgrades-complete-along-bellarine-highway,188.md,Yes
2026-05-08,Warrnambool Races A Boost For The Regions,https://www.premier.vic.gov.au/warrnambool-races-boost-regions,189.md,No
2026-05-08,Keeping Victoria’s Rail Freight On Track,https://www.premier.vic.gov.au/keeping-victorias-rail-freight-track,190.md,Yes
2026-05-08,Hundreds More Homes Approved In Build-To-Rent Capital,https://www.premier.vic.gov.au/hundreds-more-homes-approved-build-rent-capital,191.md,Yes
2026-05-08,Trailblazers Join Aboriginal Honour Roll,https://www.premier.vic.gov.au/trailblazers-join-aboriginal-honour-roll,192.md,Yes
2026-05-07,Community Sports Upgrades For Booming Ballarat,https://www.premier.vic.gov.au/community-sports-upgrades-booming-ballarat-0,193.md,Yes
2026-05-07,New Voice For Aboriginal Children And Young People,https://www.premier.vic.gov.au/new-voice-aboriginal-children-and-young-people,194.md,Yes
2026-05-07,Labor Is Supporting LGBTIQA+ Victorians,https://www.premier.vic.gov.au/labor-supporting-lgbtiqa-victorians,195.md,Yes
2026-05-06,Suspension of Photon Energy SGA Pty Ltd,https://www.aemo.com.au/newsroom/news-updates/suspension-of-photon-energy-sga-pty-ltd,196.md,Yes
2026-05-01,Register of solar water heaters version 57 is now available,https://cer.gov.au/news-and-media/news/2026/may/register-solar-water-heaters-version-57-now-available,197.md,Yes
2026-05-04,Monthly update: May 2026,https://www.nacc.gov.au/news-and-media/monthly-update-may-2026,198.md,Yes
2026-05-06,What China’s 15th Five-Year Plan Means for Global ESG Investors and Capital Markets,https://esgnews.com/what-chinas-15th-five-year-plan-means/,199.md,Yes
2026-05-05,ESG News Week In Review: 26 April – 03 May,https://esgnews.com/esg-news-week-in-review-26-april-03-may/,200.md,Yes
2026-05-01,Government of Japan awards Order of the Rising Sun Medal to EFA Chair Debra Hazelton,https://www.exportfinance.gov.au/newsroom/government-of-japan-awards-order-of-the-rising-sun-medal-to-efa-chair-debra-hazelton/,201.md,No
2026-05-01,Additional jet fuel and additional diesel secured,https://www.exportfinance.gov.au/newsroom/additional-jet-fuel-and-additional-diesel-secured/,202.md,Yes
2026-05-05,Portfolio update to 31 March 2026,https://www.futurefund.gov.au/news-room/Portfolio-update-to-31-March-2026,203.md,No
2026-05-06,Federal Counsel at the CDPP,https://www.cdpp.gov.au/news/federal-counsel-cdpp,204.md,No
2026-05-07,Joint media release: Albanese Government to secure Australian gas for Australian users,https://minister.dcceew.gov.au/bowen/media-releases/joint-media-release-albanese-government-secure-australian-gas-australian-users,CLEANED,NO FILE
2026-05-06,Joint media release: Australia and Fiji ratify Pacific Resilience Facility Treaty,https://minister.dcceew.gov.au/bowen/media-releases/joint-media-release-australia-and-fiji-ratify-pacific-resilience-facility-treaty,206.md,Yes
2026-05-06,Joint media release: Government securing more fuel reserves - The Australian Fuel Security Resilience package,https://minister.dcceew.gov.au/bowen/media-releases/joint-media-release-government-securing-more-fuel-reserves-australian-fuel-security-resilience-package,CLEANED,NO FILE
2026-05-05,"Electric trucks ready to deliver cleaner, cheaper freight in Australia's biggest cities",https://minister.dcceew.gov.au/bowen/media-releases/electric-trucks-ready-deliver-cleaner-cheaper-freight-australias-biggest-cities,208.md,Yes
2026-05-05,Joint media release: Fairer tax treatment to encourage affordable EVs,https:// minister.dcceew.gov.au/bowen/media-releases/joint-media-release-fairer-tax-treatment-encourage-affordable-evs,FAILED,NO FILE
2026-05-04,Joint media release: Strengthening energy security with Japan,https://minister.dcceew.gov.au/bowen/media-releases/joint-media-release-strengthening-energy-security-japan,CLEANED,NO FILE
2026-05-02,Joint media release: Biggest electricity boost in West Australian history,https://minister.dcceew.gov.au/bowen/media-releases/joint-media-release-biggest-electricity-boost-west-australian-history,211.md,Yes
2026-05-08,Listings under Parts 3 and 4 of the Charter of the United Nations Act 1945,https://www.dfat.gov.au/news/news/listings-under-parts-3-and-4-charter-united-nations-act-1945,212.md,Yes
2026-05-01,Australian National Statement in the IMO Marine Environment Protection Committee’s 84th Session,https://www.dfat.gov.au/news/media-release/australian-national-statement-imo-marine-environment-protection-committees-84th-session,CLEANED,NO FILE
2026-05-07,Tap into valuable soil moisture data this season,https://agriculture.vic.gov.au/about/media-centre/media-releases/2026-releases/tap-into-valuable-soil-moisture-data-this-season,214.md,Yes
2026-05-04,Case study – avocado and domestic ducks don’t mix,https://agriculture.vic.gov.au/about/media-centre/media-releases/2026-releases/case-study-avocado-and-domestic-ducks-dont-mix,215.md,No
2026-05-08,Australian-first facility to back critical minerals,https://www.minister.industry.gov.au/ministers/timayres/media-releases/australian-first-facility-back-critical-minerals,CLEANED,NO FILE
2026-05-08,Australian-first facility to back critical minerals,https://www.minister.industry.gov.au/ministers/king/media-releases/australian-first-facility-back-critical-minerals,217.md,Yes
2026-05-07,Albanese Government to secure Australian gas for Australian users,https://www.minister.industry.gov.au/ministers/king/media-releases/albanese-government-secure-australian-gas-australian-users,CLEANED,NO FILE
2026-05-07,Albanese Government to secure Australian gas for Australian users,https://www.minister.industry.gov.au/ministers/timayres/media-releases/albanese-government-secure-australian-gas-australian-users,219.md,Yes
2026-05-07,New gas production and acreage to supply east coast,https://www.minister.industry.gov.au/ministers/king/media-releases/new-gas-production-and-acreage-supply-east-coast,220.md,Yes
2026-05-05,Strategic research collaboration bolsters international science ties,https://www.minister.industry.gov.au/ministers/charlton/media-releases/strategic-research-collaboration-bolsters-international-science-ties,221.md,No
2026-05-04,Expanding cooperation on critical minerals with Japan,https://www.minister.industry.gov.au/ministers/king/media-releases/expanding-cooperation-critical-minerals-japan,222.md,Yes
2026-05-04,Commission publishes review of EU Deforestation Regulation,https://ec.europa.eu/commission/presscorner/detail/en/ip_26_941,CLEANED,NO FILE
2026-05-08,"Minns Labor Government invests $600,000 to make Central Coast’s Peninsula greener and cooler",https://www.nsw.gov.au/ministerial-releases/minns-labor-government-invests-600000-to-make-central-coasts-peninsula-greener-and-cooler,224.md,Yes
2026-05-08,Sydney Metro probity investigation referred to police and integrity agencies,https://www.nsw.gov.au/ministerial-releases/sydney-metro-probity-investigation-referred-to-police-and-integrity-agencies,225.md,Yes
2026-05-08,Milestone reached in fix for major Central Coast traffic pinch point,https://www.nsw.gov.au/ministerial-releases/fix-for-major-central-coast-traffic-pinch-point,226.md,No
2026-05-08,NSW Government initiates emergency response to address homelessness in Wagga Wagga,https://www.nsw.gov.au/ministerial-releases/emergency-homelessness-response-wagga-wagga,227.md,Yes
2026-05-08,$1.2 million grant program to support community-led resilience projects,https://www.nsw.gov.au/ministerial-releases/12-million-grant-program-to-support-community-led-resilience-projects,228.md,Yes
2026-05-08,Turning up the volume on Sydney’s waterfront with new busking spots at Sydney Fish Market,https://www.nsw.gov.au/ministerial-releases/new-busking-spots-at-fish-market,229.md,No
2026-05-08,New recruitment rules in place for early learning providers offer better protection for children thanks to new laws,https://www.nsw.gov.au/ministerial-releases/new-recruitment-rulesl-early-learning,230.md,Yes
2026-05-08,A better run home: M5 West upgrade begins,https://www.nsw.gov.au/ministerial-releases/m5-west-upgrade-begins,231.md,Yes
2026-05-08,Two new services transforming mental healthcare in Kempsey,https://www.nsw.gov.au/ministerial-releases/transforming-mental-healthcare-kempsey,232.md,Yes
2026-05-07,Final plan for Moore Park South delivers new park and 12-hole golf course for Sydney,https://www.nsw.gov.au/ministerial-releases/final-plan-for-moore-park-south-delivers-new-park-and-12-hole-golf-course-for-sydney,233.md,Yes
2026-05-08,Financial close milestone powers Tasmania’s energy future forward,https://www.premier.tas.gov.au/latest-news/2026/may/financial-close-milestone-powers-tasmanias-energy-future-forward,234.md,Yes
2026-05-08,New Storm Warning System delivers clearer advice for Tasmanians,https://www.premier.tas.gov.au/latest-news/2026/may/new-storm-warning-system-delivers-clearer-advice-for-tasmanians,235.md,Yes
2026-05-07,Expanding vocational learning in Tasmanian schools,https://www.premier.tas.gov.au/latest-news/2026/may/expanding-vocational-learning-in-tasmanian-schools,236.md,Yes
2026-05-07,Mandatory Notifications Bill passes the House of Assembly,https://www.premier.tas.gov.au/latest-news/2026/may/mandatory-notifications-bill-passes-the-house-of-assembly,237.md,Yes
2026-05-07,Big summer of sailing as industry gears up for new Spirits,https://www.premier.tas.gov.au/latest-news/2026/may/big-summer-of-sailing-as-industry-gears-up-for-new-spirits,238.md,No
2026-05-07,Federal private health changes to hit older Tasmanians,https://www.premier.tas.gov.au/latest-news/2026/may/federal-private-health-changes-to-hit-older-tasmanians,239.md,Yes
2026-05-07,Short Stay Levy keeps more tourism dollars in Tasmania,https://www.premier.tas.gov.au/latest-news/2026/may/short-stay-levy-keeps-more-tourism-dollars-in-tasmania,240.md,Yes
2026-05-06,Backing our Ambulance Tasmania clinicians,https://www.premier.tas.gov.au/latest-news/2026/may/backing-our-ambulance-tasmania-clinicians,241.md,Yes
2026-05-06,Direct flight from Canberra touches down in Launceston,https://www.premier.tas.gov.au/latest-news/2026/may/direct-flight-from-canberra-touches-down-in-launceston,242.md,No
2026-05-06,"More than 300,000 healthy breakfasts served in Tasmanian schools","https://www.premier.tas.gov.au/latest-news/2026/may/more-than-300,000-healthy-breakfasts-served-in-tasmanian-schools",243.md,Yes
2026-05-06,Caroline Wells the 30th Governor of Tasmania,https://www.premier.tas.gov.au/latest-news/2026/may/caroline-wells-the-30th-governor-of-tasmania,244.md,No
2026-05-07,Fauna the focus of EPA assessment of proposed lithium expansion,https://www.epa.wa.gov.au/media-statements/fauna-focus-epa-assessment-proposed-lithium-expansion,245.md,Yes
2026-05-07,Procurement and contract management resources at your fingertips,https://www.finance.gov.au/about-us/news/2026/procurement-and-contract-management-resources-your-fingertips,246.md,Yes
2026-05-01,Nominate your team now,https://www.finance.gov.au/about-us/news/2026/nominate-your-team-now,247.md,No
2026-05-07,"Warning at Least 200,000 Victims Were Trafficked in Past Four Years, Secretary-General Urges More Action to Prioritize Human Rights, at International Migration Review Forum",https://press.un.org/en/2026/sgsm23116.doc.htm,248.md,No
2026-05-07,"At Moment of Peril, Promise, Secretary-General Hails Parliamentary Assembly of the Mediterranean for Role in Advancing Peace, Sustainable Development",https://press.un.org/en/2026/sgsm23115.doc.htm,249.md,Yes
2026-05-06,"Secretary-General Deeply Saddened by Death of Ted Turner, Whose ‘Audacious Spirit’ Left Lasting Imprint on United Nations",https://press.un.org/en/2026/sgsm23114.doc.htm,CLEANED,NO FILE
2026-05-06,"Sport ‘Can Show Us the Way’ to Peace, Secretary-General Says in Video Message for UN Inter-Agency Games",https://press.un.org/en/2026/sgsm23113.doc.htm,251.md,No
2026-05-01,"Secretary-General Celebrates Power of Portuguese to Unite 256 Million Voices around World, in World Language Day Message",https://press.un.org/en/2026/sgsm23112.doc.htm,252.md,No
2026-05-01,"Secretary-General Notes Transfer of Aung San Suu Kyi, Reiterates Call for Inclusive Political Process in Myanmar",https://press.un.org/en/2026/sgsm23111.doc.htm,CLEANED,NO FILE
2026-05-08,NSW Threatened Species Scientific Committee final determinations for May 2026 | News,https://www.environment.nsw.gov.au/news/nsw-threatened-species-scientific-committee-final-determinations-may-2026-news,254.md,Yes
2026-05-06,Feral animal control program targets pigs and deer in the Gwydir River Valley | Media release,https://www.environment.nsw.gov.au/news/feral-animal-control-program-targets-pigs-and-deer-gwydir-river-valley,255.md,Yes
2026-05-05,Applications open in a rare chance to reactivate Hill End’s historic heart | Media release,https://www.environment.nsw.gov.au/news/applications-open-reactivate-hill-ends-historic-heart,256.md,Yes
2026-05-01,Whales are on the move as 2026 migration season starts in NSW | Media release,https://www.environment.nsw.gov.au/news/whales-are-move-2026-migration-season-starts-nsw,257.md,Yes
2026-05-01,Era Point whale carcass removed | Media release,https://www.environment.nsw.gov.au/news/era-point-whale-carcass-removed,258.md,Yes
2026-05-07,A new call for the Circular City Centre - C3 advisory programmes is now open!,https://circulareconomy.europa.eu/platform/en/news-and-events/all-news/new-call-circular-city-centre-c3-advisory-programmes-now-open,259.md,Yes
2026-05-07,The RELOOP project: designing a system that serves ready-made meals and collects the reusable packaging,https://circulareconomy.europa.eu/platform/en/news-and-events/all-news/reloop-project-designing-system-serves-ready-made-meals-and-collects-reusable-packaging,260.md,Yes
2026-05-07,European circular electronics kickstart acceleration programme: call for SMEs and mentors,https://circulareconomy.europa.eu/platform/en/news-and-events/all-news/european-circular-electronics-kickstart-acceleration-programme-call-smes-and-mentors,261.md,Yes
2026-05-05,Public consultation on adding exemptions to the rule on portable batteries,https://circulareconomy.europa.eu/platform/en/news-and-events/all-news/public-consultation-adding-exemptions-rule-portable-batteries,262.md,Yes
2026-05-05,EU must strengthen the circular economy transition with biodegradable materials,https://circulareconomy.europa.eu/platform/en/news-and-events/all-news/eu-must-strengthen-circular-economy-transition-biodegradable-materials,263.md,Yes
2026-05-05,EU Ecolabel surges ahead in 2026,https://circulareconomy.europa.eu/platform/en/news-and-events/all-news/eu-ecolabel-surges-ahead-2026,264.md,Yes
2026-05-05,Better planning to reduce risks from bushfires,https://www.planning.vic.gov.au/news/articles/bushfire,265.md,Yes
2026-05-08,IMF Staff Completes Governance and Corruption Diagnostic Mission to Nepal,https://www.imf.org/en/news/articles/2026/05/07/pr26144-nepal-imf-staff-completes-governance-and-corruption-diagnostic-mission-to-nepal,266.md,Yes
2026-05-07,IMF Executive Board Concludes 2026 Article IV Consultation with Antigua and Barbuda,https://www.imf.org/en/news/articles/2026/05/07/pr26142-antigua-and-barbuda-imf-executive-board-concludes-2026-article-iv-consultation,267.md,Yes
2026-05-07,Austria: Staff Concluding Statement of the 2026 Article IV Mission,https://www.imf.org/en/news/articles/2026/05/06/mcs-05062026-austria-staff-concluding-statement-of-the-2026-article-iv-mission,268.md,Yes
2026-05-07,IMF Executive Board Approves Extension of the Extended Credit Facility Arrangement with Nepal,https://www.imf.org/en/news/articles/2026/05/06/imf-pr-26141-nepal-imf-executive-board-approves-ext-of-ecf-arrang,269.md,No
2026-05-07,IMF Staff Reaches Staff-Level Agreement on the Third Review under the Policy Coordination Instrument with Serbia,https://www.imf.org/en/news/articles/2026/05/06/pr26140-serbia-imf-staff-reaches-staff-level-agreement-on-the-3rd-review-under-the-pci,270.md,Yes
2026-05-07,Luxembourg: Staff Concluding Statement of the 2026 Article IV Mission,https://www.imf.org/en/news/articles/2026/05/06/mcs-05062026-luxembourg-staff-concluding-statement-of-the-2026-article-iv-mission,271.md,No
2026-05-06,IMF Staff Completes the 2026 Article IV and Programs Review Mission to the Democratic Republic of Congo,https://www.imf.org/en/news/articles/2026/05/06/pr-26139-democratic-republic-of-congo-imf-completes-the-2026-article-iv-and-programs-rev-mission,272.md,Yes
2026-05-06,Portugal: Staff Concluding Statement of the 2026 Article IV Mission,https://www.imf.org/en/news/articles/2026/05/06/mcs-05062026-portugal-staff-concluding-statement-of-the-2026-article-iv-mission,273.md,Yes
2026-05-06,Government securing more fuel reserves the Australian fuel security and resilience package,https://www.trademinister.gov.au/minister/don-farrell/media-release/government-securing-more-fuel-reserves-australian-fuel-security-and-resilience-package,CLEANED,NO FILE
2026-05-06,Australia welcomes substantial conclusion of Costa Rica’s CPTPP accession,https://www.trademinister.gov.au/minister/don-farrell/media-release/australia-welcomes-substantial-conclusion-costa-ricas-cptpp-accession,CLEANED,NO FILE
2026-05-04,Expanding cooperation on critical minerals with Japan,https://www.trademinister.gov.au/minister/don-farrell/media-release/expanding-cooperation-critical-minerals-japan,CLEANED,NO FILE
2026-05-04,Deepening economic security with Japan,https://www.trademinister.gov.au/minister/don-farrell/media-release/deepening-economic-security-japan,277.md,Yes
2026-05-01,Additional jet fuel and additional diesel secured,https://www.trademinister.gov.au/minister/don-farrell/media-release/additional-jet-fuel-and-additional-diesel-secured,278.md,Yes
2026-05-04,"Interview with Andrew Clennell, Sky News",https://www.trademinister.gov.au/minister/don-farrell/transcript/interview-andrew-clennell-sky-news-1,279.md,Yes
2026-05-06,Joint ministerial statement on Costa Rica accession process to the CPTPP,https://www.trademinister.gov.au/minister/don-farrell/statements/joint-ministerial-statement-costa-rica-accession-process-cptpp,280.md,No
2026-05-08,Strengthening the Annual Superannuation Performance Test,https://ministers.treasury.gov.au/ministers/daniel-mulino-2025/media-releases/strengthening-annual-superannuation-performance-test,281.md,Yes
2026-05-06,Regulatory Initiatives Grid continues to strengthen transparency and coordination,https://ministers.treasury.gov.au/ministers/daniel-mulino-2025/media-releases/regulatory-initiatives-grid-continues-strengthen,282.md,Yes
2026-05-06,The message from Councils: this Budget needs to back Australians where they’re hurting most,https://alga.com.au/the-message-from-councils-this-budget-needs-to-back-australians-where-theyre-hurting-most/,283.md,Yes
2026-05-01,President Matt Burnett talks fuel supply pressures with ABC Radio,https://alga.com.au/president-matt-burnett-talks-fuel-supply-pressures-with-abc-radio/,284.md,Yes
2026-05-08,Strengthening the Annual Superannuation Performance Test,https://ministers.treasury.gov.au/ministers/jim-chalmers-2022/media-releases/strengthening-annual-superannuation-performance-test,CLEANED,NO FILE
2026-05-05,Reserve Bank decision,https://ministers.treasury.gov.au/ministers/jim-chalmers-2022/media-releases/reserve-bank-decision-1,286.md,No
2026-05-05,Fairer tax treatment to encourage affordable EVs,https://ministers.treasury.gov.au/ministers/jim-chalmers-2022/media-releases/fairer-tax-treatment-encourage-affordable-evs,287.md,Yes
2026-05-01,Productivity package to turbocharge construction and businesses across NSW,https://ministers.treasury.gov.au/ministers/jim-chalmers-2022/media-releases/productivity-package-turbocharge-construction-and,288.md,Yes
