Date,Title,URL,md_file,ESG_or_not,Story_Type,Jurisdiction
2026-03-02,Grants to support development of processing facility,https://resources.vic.gov.au/about-us/news/grants-to-support-development-of-processing-facility,1.md,Yes,Funding and Grant Announcements,Victoria
2026-03-04,Commission and EU countries confirm no immediate oil or gas supply concerns following the disruptions in the Middle East,https://energy.ec.europa.eu/news/commission-and-eu-countries-confirm-no-immediate-oil-or-gas-supply-concerns-following-disruptions-2026-03-04_en,10.md,No,,
2026-03-04,Circus brings colour and creativity to Kimberley communities,https://www.wa.gov.au/government/media-statements/Cook%20Labor%20Government/Circus-brings-colour-and-creativity-to-Kimberley-communities-20260304,100.md,Yes,Funding and Grant Announcements,Western Australia
2026-03-04,First residential lots released at Princess Margaret Hospital site,https://www.wa.gov.au/government/media-statements/Cook%20Labor%20Government/First-residential-lots-released-at-Princess-Margaret-Hospital-site-20260304,101.md,Yes,"Community, First Nations, and Social Licence Initiatives",Western Australia
2026-03-04,New seasonal flight connecting Perth and Christchurch,https://www.wa.gov.au/government/media-statements/Cook%20Labor%20Government/New-seasonal-flight-connecting-Perth-and-Christchurch-20260304,102.md,No,,
2026-03-04,Regional communities to share benefits of WA's energy transition,https://www.wa.gov.au/government/media-statements/Cook%20Labor%20Government/Regional-communities-to-share-benefits-of-WA's-energy-transition-20260304,103.md,Yes,"Community, First Nations, and Social Licence Initiatives",Western Australia
2026-03-03,WA new home approvals reach highest level in four years,https://www.wa.gov.au/government/media-statements/Cook%20Labor%20Government/WA-new-home-approvals-reach-highest-level-in-four-years-20260303,104.md,Yes,Funding and Grant Announcements,Western Australia
2026-03-03,Joint media statement - Rail freight upgrades support WA's bumper grain harvest,https://www.wa.gov.au/government/media-statements/Cook%20Labor%20Government/Joint-media-statement---Rail-freight-upgrades-support-WA's-bumper-grain-harvest-20260303,105.md,Yes,Funding and Grant Announcements,Western Australia
2026-03-03,Creativity takes centre stage with new funding for WA artists,https://www.wa.gov.au/government/media-statements/Cook%20Labor%20Government/Creativity-takes-centre-stage-with-new-funding-for-WA-artists-20260303,106.md,Yes,Funding and Grant Announcements,Western Australia
2026-03-03,Construction commences at Osborne Park Hospital,https://www.wa.gov.au/government/media-statements/Cook%20Labor%20Government/Construction-commences-at-Osborne-Park-Hospital-20260303,107.md,Yes,"Infrastructure, Project Approvals, and EPBC Developments",Western Australia
2026-03-01,Roundtables with WA leaders to underpin new workforce strategy,https://www.wa.gov.au/government/media-statements/Cook%20Labor%20Government/Roundtables-with-WA-leaders-to-underpin-new-workforce-strategy-20260301,108.md,No,,
2026-03-02,IESC advice on Ulan West Modification 8 Project,https://www.iesc.gov.au/projectadvice/advice-decision-maker-ulan-west-modification-8-project-iesc-2026-163,109.md,No,,
2026-03-03,"Press statement of Dan Jørgensen, European Commissioner for Energy and Housing and Parviz Shahbazov, Minister of Energy of the Republic of Azerbaijan",https://energy.ec.europa.eu/news/press-statement-dan-jorgensen-european-commissioner-energy-and-housing-and-parviz-shahbazov-minister-2026-03-03_en,11.md,Yes,"Ministerial, Diplomatic, and International Engagements",International
2026-03-02,Agenda and minutes of the 121st IESC Meeting,https://www.iesc.gov.au/resource/agenda-and-minutes-121st-iesc-meeting,110.md,No,,
2026-03-04,The Skeptic's Pause,https://www.iaasb.org/news-events/2026-03/skeptic-s-pause,111.md,No,,
2026-03-02,"Mine Land Rehabilitation Authority (MLRA) Closure -Important announcement from Dr Jen Brereton, CEO of the MLRA",https://www.mineland.vic.gov.au/events/mine-land-rehabilitation-authority-mlra-closure-important-announcement-from-dr-jen-brereton-ceo-of-the-mlra/,112.md,Yes,"Community, First Nations, and Social Licence Initiatives",Victoria
2026-03-02,New NAIF CEO Neil MacDonald Commences Role Based in Cairns,https://www.naif.gov.au/media-centre/new-naif-ceo-neil-macdonald-commences-role-based-in-cairns/,114.md,Yes,Funding and Grant Announcements,National
2026-03-05,Supporting Hunter producers through a variable season,https://www.nsw.gov.au/departments-and-agencies/local-land-services/news/supporting-hunter-producers-through-a-variable-season,115.md,No,,
2026-02-27,NSW Government delivers powerful statewide action weed program to protect farming and public lands,https://www.nsw.gov.au/departments-and-agencies/local-land-services/news/nsw-government-delivers-powerful-statewide-action-weed-program-to-protect-farming-and-public-lands,116.md,Yes,Funding and Grant Announcements,NSW
2026-03-02,Webinar: Higher Education Outcomes,https://www.jobsandskills.gov.au/news/webinar-higher-education-outcomes,117.md,No,,
2026-02-27,Global labour markets ease while AI offers productivity potential,https://www.jobsandskills.gov.au/news/global-labour-markets-ease-while-ai-offers-productivity-potential,119.md,No,,
2026-03-03,New call under the EU Renewable Energy Financing Mechanism to support solar PV projects in Bulgaria and Finland,https://cinea.ec.europa.eu/news-events/news/renewfm-new-call-under-eu-renewable-energy-financing-mechanism-support-solar-pv-projects-bulgaria-2026-03-03_en,12.md,Yes,Funding and Grant Announcements,International
2026-03-05,Written Reply to Parliamentary Question on Recalcitrant Litterbugs,https://www.mse.gov.sg/latest-news/written-reply-to-parliamentary-question-on-recalcitrant-litterbugs/,120.md,Yes,"Compliance, Oversight, and Enforcement Actions",National
2026-03-04,Written Reply to Parliamentary Question on Mobile Enforcement Cameras,https://www.mse.gov.sg/latest-news/written-reply-to-parliamentary-question-on-mobile-enforcement-cameras/,121.md,Yes,"Compliance, Oversight, and Enforcement Actions",National
2026-03-04,Written Reply to Parliamentary Question on Recycling Bin Fires,https://www.mse.gov.sg/latest-news/written-reply-to-parliamentary-question-on-recycling-bin-fires/,122.md,Yes,"Compliance, Oversight, and Enforcement Actions",National
2026-03-04,Written Reply to Parliamentary Question on the use of Disposable Carrier Bag Charge proceeds,https://www.mse.gov.sg/latest-news/written-reply-to-parliamentary-question-on-the-use-of-disposable-carrier-bag-charge-proceeds/,123.md,Yes,"Community, First Nations, and Social Licence Initiatives",International
2026-03-04,Speech by SPS Goh Hanyan - Committee of Supply 2026,https://www.mse.gov.sg/latest-news/speech-by-sps-goh-hanyan---committee-of-supply-2026/,124.md,Yes,Funding and Grant Announcements,National
2026-03-04,Speech by SMS Zaqy Mohamad - Committee of Supply 2026,https://www.mse.gov.sg/latest-news/speech-by-sms-zaqy-mohamad---committee-of-supply-2026/,125.md,Yes,Funding and Grant Announcements,National
2026-03-03,Speech by SMS Janil Puthucheary - Committee of Supply 2026,https://www.mse.gov.sg/latest-news/speech-by-sms-janil-puthucheary-committee-of-supply-2026/,126.md,Yes,"Compliance, Oversight, and Enforcement Actions",International
2026-03-03,Speech by Minister Grace Fu - Committee of Supply 2026,https://www.mse.gov.sg/latest-news/speech-by-minister-grace-fu-committee-of-supply-2026/,127.md,Yes,Legislative and Statutory Developments,National
2026-03-02,Oral Reply to Parliamentary Question on Utilities Bill Arrears,https://www.mse.gov.sg/latest-news/oral-reply-to-parliamentary-question-on-utilities-bill-arrears/,128.md,Yes,"Community, First Nations, and Social Licence Initiatives",National
2026-03-02,Written Reply to Parliamentary Question on Noise Emissions,https://www.mse.gov.sg/latest-news/written-reply-to-parliamentary-question-on-noise-emissions/,129.md,Yes,"Compliance, Oversight, and Enforcement Actions",International
2026-03-03,"Protein powder, sunglasses, moisturiser: what do these products have in common? If you buy them online, they most likely violate EU product standards",https://taxation-customs.ec.europa.eu/news/protein-powder-sunglasses-moisturiser-what-do-these-products-have-common-if-you-buy-them-online-they-2026-03-03_en,13.md,Yes,"Compliance, Oversight, and Enforcement Actions",International
2026-03-03,Connect and protect: Meet Warren,https://www2.gbrmpa.gov.au/news/connect-and-protect-meet-warren,130.md,Yes,"Environmental Protection, Biodiversity, and Nature Policy",Queensland
2026-03-04,"More than 7,800 homes declared State significant",https://www.planning.nsw.gov.au/news/more-than-7800-homes-declared-state-significant,131.md,No,,
2026-03-02,Speeding up the planning system to get shovels in the ground sooner,https://www.planning.nsw.gov.au/news/speeding-up-the-planning-system-to-get-shovels-in-the-ground-sooner,132.md,Yes,Legislative and Statutory Developments,NSW
2026-03-05,Synchrotron X-rays reveal pathway to greener fertiliser production,https://www.ansto.gov.au/news/synchrotron-x-rays-reveal-pathway-to-greener-fertiliser-production,133.md,Yes,"Reports, Data Releases, and Analytical Insights",National
2026-02-27,UN Tourism opens call for Best Tourism Villages 2026,https://www.untourism.int/news/un-tourism-opens-call-for-best-tourism-villages-2026,134.md,Yes,"Community, First Nations, and Social Licence Initiatives",International
2026-03-04,In Memoriam: Rafeeuddin Ahmed,https://www.untourism.int/news/in-memoriam-rafeeuddin-ahmed,135.md,No,,
2026-03-04,UN Tourism and TUI Care Foundation join hands to support Rural Artists and Artisans Across Africa,https://www.untourism.int/news/un-tourism-and-tui-care-foundation-join-hands-to-support-rural-artists-and-artisans-across-africa,136.md,Yes,Funding and Grant Announcements,International
2026-03-02,Commission Unveils Updated Learning Opportunities for Customs and Tax Professionals,https://taxation-customs.ec.europa.eu/news/commission-unveils-updated-learning-opportunities-customs-and-tax-professionals-2026-03-02_en,14.md,No,,
2026-03-02,"WTO MSME Group welcomes expansion, highlights successful entrepreneurs and MC14 plans",https://www.wto.org/english/news_e/news26_e/igmsm_02mar26_302_e.htm,141.md,No,,
2026-03-04,How internal carbon pricing can support capital allocation and risk management,https://www.wbcsd.org/news/how-internal-carbon-pricing-can-support-capital-allocation-and-risk-management/,143.md,Yes,Corporate and Institutional ESG Actions,National
2026-03-05,Federal Court Star Entertainment judgment,https://www.aicd.com.au/news-media/media-releases/2026/federal-court-star-entertainment-judgment.html,144.md,Yes,"Compliance, Oversight, and Enforcement Actions",National
2026-03-03,AICD Gender Diversity Snapshot,https://www.aicd.com.au/news-media/media-releases/2026/aicd-gender-diversity-snapshot.html,145.md,Yes,Corporate and Institutional ESG Actions,National
2026-03-04,Advice Grants now available for First Nations applicants – guidelines are available now.,https://www.dcceew.gov.au/about/news/world-wildlife-day-protecting-native-plants,146.md,Yes,"Environmental Protection, Biodiversity, and Nature Policy",National
2026-03-02,Have your say on the new national H2 Regulatory Guidebook for Pipelines,https://www.dcceew.gov.au/about/news/hys-new-national-h2-regulatory-guidebook-pipelines,147.md,Yes,Consultation and Policy Design Opportunities,National
2026-03-05,"For Somalia, Building Climate Resilience is Key to Unlocking Long-Term Growth and Jobs",http://www.worldbank.org/en/news/press-release/2026/03/05/for-somalia-building-climate-resilience-is-key-to-unlocking-long-term-growth-and-jobs,148.md,Yes,"Reports, Data Releases, and Analytical Insights",International
2026-03-04,Tunisia Scales Up Urban Flood Protection Efforts with World Bank Support,http://www.worldbank.org/en/news/press-release/2026/03/04/tunisia-scales-up-urban-flood-protection-efforts-with-world-bank-support,149.md,Yes,Funding and Grant Announcements,International
2026-03-02,CBAM call for tender to establish the Common Central Platform (CCP),https://taxation-customs.ec.europa.eu/news/cbam-call-tender-establish-common-central-platform-ccp-2026-03-02_en,15.md,Yes,"Infrastructure, Project Approvals, and EPBC Developments",International
2026-03-03,Ethiopia: A New Phase of Support for Safety Nets will Foster Resilience and Create Pathways to Decent Jobs,http://www.worldbank.org/en/news/press-release/2026/03/03/ethiopia-a-new-phase-of-support-for-safety-nets-will-foster-resilience-and-create-pathways-to-decent-jobs,150.md,Yes,Funding and Grant Announcements,International
2026-02-27,"World Bank Supports Jobs, Connectivity and Rural Resilience in Tocantins",http://www.worldbank.org/en/news/press-release/2026/02/27/world-bank-supports-jobs-connectivity-and-rural-resilience-in-tocantins,151.md,Yes,Funding and Grant Announcements,International
2026-03-06,Caretaker,https://caretaker.sa.gov.au,152.md,No,,
2026-03-01,Media statements,https://www.wa.gov.au/government/media-statements?administrations%5B0%5D=Cook%20Labor%20Government,153.md,Yes,"Community, First Nations, and Social Licence Initiatives",Western Australia
2026-02-27,27 February 2026 release,https://www.planningportal.nsw.gov.au/news/27-february-2026-release,154.md,No,,
2026-03-05,"Press conference - Parliament House, Canberra",https://www.pm.gov.au/media/press-conference-parliament-house-canberra-45,155.md,Yes,Parliamentary and Political Proceedings,National
2026-03-05,Australia-Canada Joint Statement,https://www.pm.gov.au/media/australia-canada-joint-statement,156.md,Yes,"Ministerial, Diplomatic, and International Engagements",International
2026-03-05,Welcome to the Prime Minister of Canada,https://www.pm.gov.au/media/welcome-prime-minister-canada,157.md,Yes,"Ministerial, Diplomatic, and International Engagements",International
2026-03-05,"Opening remarks - Parliament House, Canberra",https://www.pm.gov.au/media/opening-remarks-parliament-house-canberra-2,158.md,Yes,"Ministerial, Diplomatic, and International Engagements",National
2026-03-04,Retirement of Pat Turner AM,https://www.pm.gov.au/media/retirement-pat-turner-am,159.md,Yes,"Community, First Nations, and Social Licence Initiatives",National
2026-03-04,Why we're building high speed rail,https://www.pm.gov.au/media/why-were-building-high-speed-rail,160.md,Yes,"Infrastructure, Project Approvals, and EPBC Developments",National
2026-03-02,Television interview - ABC 7.30,https://www.pm.gov.au/media/television-interview-abc-730-16,161.md,Yes,"Ministerial, Diplomatic, and International Engagements",National
2026-03-01,Press conference - Sydney,https://www.pm.gov.au/media/press-conference-sydney-28,162.md,Yes,"Ministerial, Diplomatic, and International Engagements",National
2026-02-28,Statement on Iran,https://www.pm.gov.au/media/statement-iran,163.md,Yes,"Ministerial, Diplomatic, and International Engagements",National
2026-03-04,Turning a hobby into income? You might be in business,https://www.ato.gov.au/businesses-and-organisations/small-business-newsroom/turning-a-hobby-into-income-you-might-be-in-business,166.md,No,,
2026-03-05,Women shaping the future of community sport,https://www.parliament.vic.gov.au/news/general-news/womeninsport,17.md,Yes,"Community, First Nations, and Social Licence Initiatives",National
2026-03-03,Climate resilience adds revenue options for Australia’s farmers,https://www.climatechangeauthority.gov.au/climate-resilience-adds-revenue-options-australias-farmers,175.md,Yes,"Reports, Data Releases, and Analytical Insights",Australian Capital Territory
2026-03-04,"Leadership Shift At A Critical Moment For Corporate ESG KPMG International has appointed Gauthier Acket as Head of Global ESG, placing a nearly three-decade veteran of the firm at the...",https://esgnews.com/kpmg-appoints-gauthier-acket-as-head-of-global-esg/,177.md,Yes,Legislative and Statutory Developments,International
2026-03-04,Advice Grants now available for First Nations applicants – guidelines are available now.,https://www.dcceew.gov.au/about/news/clean-energy-advice-first-nations-peoples,178.md,Yes,Funding and Grant Announcements,National
2026-03-05,State of the energy transition: Your technology playbook,https://www.csiro.au/en/news/All/Articles/2026/March/State-of-the-Energy-Transition,179.md,Yes,"Reports, Data Releases, and Analytical Insights",International
2026-03-03,Improving community engagement to make better decisions,https://www.parliament.vic.gov.au/news/society/consultreport,18.md,Yes,Consultation and Policy Design Opportunities,Victoria
2026-03-03,CSIRO backs Australian startups tackling some of humanity's biggest challenges,https://www.csiro.au/en/news/All/News/2026/March/On-Accelerate-program,180.md,Yes,Funding and Grant Announcements,National
2026-02-27,CSIRO partners with AMRF Connect on advanced manufacturing program,https://www.csiro.au/en/news/All/News/2026/February/Innovate-to-Grow-Advanced-Manufacturing,181.md,No,,
2026-03-03,Innes Willox statement on WGEA gender pay gaps,https://www.australianindustrygroup.com.au/news/media-centre/2026/innes-willox-statement-on-wgea-gender-pay-gaps/,183.md,Yes,"Reports, Data Releases, and Analytical Insights",National
2026-03-05,Consultation begins on Gender Equity Charter for aviation sector,https://www.infrastructure.gov.au/department/media/news/consultation-begins-gender-equity-charter-aviation-sector,185.md,Yes,Consultation and Policy Design Opportunities,National
2026-03-03,Construction begins on Stage 1 of Melbourne Airport Rail Link,https://www.infrastructure.gov.au/department/media/news/construction-begins-stage-1-melbourne-airport-rail-link,186.md,No,,
2026-03-03,AFC Women’s Asian Cup 2026 has kicked off,https://www.infrastructure.gov.au/department/media/news/afc-womens-asian-cup-2026-has-kicked,187.md,Yes,Funding and Grant Announcements,National
2026-03-03,Export Finance Australia and Standard Chartered partner to expand finance for Australian exporters,https://www.exportfinance.gov.au/newsroom/export-finance-australia-and-standard-chartered-partner-to-expand-finance-for-australian-exporters/,188.md,No,,
2026-03-05,Beyond net zero: What climate reports reveal about strategy,https://www.bdo.com.au/en-au/insights/esg-sustainability/afr-leaders/beyond-net-zero-what-climate-reports-reveal-about-strategy,189.md,Yes,"Reports, Data Releases, and Analytical Insights",National
2026-03-02,Giant leap of learning as civics meets space,https://www.parliament.vic.gov.au/news/general-news/mission-control,19.md,Yes,"Community, First Nations, and Social Licence Initiatives",Victoria
2026-03-02,​​REAL Program launches supporting transitions from the justice system,https://www.indigenous.gov.au/news/real-program-launches-supporting-transitions-from-justice-system,190.md,Yes,"Community, First Nations, and Social Licence Initiatives",National
2026-03-05,Australia and Canada agree to strengthen cooperation on AI safety,https://www.industry.gov.au/news/australia-and-canada-agree-strengthen-cooperation-ai-safety,191.md,Yes,"Ministerial, Diplomatic, and International Engagements",International
2026-03-03,Four new major projects to strengthen Australia’s supply chains,https://www.industry.gov.au/news/four-new-major-projects-strengthen-australias-supply-chains,192.md,Yes,"Infrastructure, Project Approvals, and EPBC Developments",National
2026-03-03,George Medicines designs a ‘triple pill’ to better manage hypertension,https://www.industry.gov.au/news/george-medicines-designs-triple-pill-better-manage-hypertension,193.md,Yes,Funding and Grant Announcements,National
2026-03-02,Launch your STEM career as a graduate in 2027,https://www.industry.gov.au/news/launch-your-stem-career-graduate-2027,194.md,No,,
2026-03-02,Fuel pump audit will ensure you get what you pay for at the bowser,https://www.industry.gov.au/news/fuel-pump-audit-will-ensure-you-get-what-you-pay-bowser,195.md,No,,
2026-02-27,"Get inside the athlete's brain, explore First Nations science and go stargazing at National Science...",https://www.industry.gov.au/news/get-inside-athletes-brain-explore-first-nations-science-and-go-stargazing-national-science-week-2026,196.md,Yes,Funding and Grant Announcements,National
2026-02-27,$6.9 million for manufacturing Printed Solar and a semiconductor packaging tool,https://www.industry.gov.au/news/69-million-manufacturing-printed-solar-and-semiconductor-packaging-tool,197.md,Yes,Funding and Grant Announcements,National
2026-03-05,Update on Norfolk Island air freight arrangements,https://www.infrastructure.gov.au/department/media/news/update-norfolk-island-air-freight-arrangements-0,198.md,Yes,"Infrastructure, Project Approvals, and EPBC Developments",National
2026-03-02,Building Women’s Careers marks one year of impact across Australia,https://www.dewr.gov.au/newsroom/articles/building-womens-careers-marks-one-year-impact-across-australia,199.md,Yes,"Community, First Nations, and Social Licence Initiatives",National
2026-02-27,Victoria’s minerals in the spotlight,https://resources.vic.gov.au/about-us/news/victorias-minerals-in-the-spotlight,2.md,Yes,"Ministerial, Diplomatic, and International Engagements",Victoria
2026-02-27,Law change for victim-survivors of institutional child abuse,https://www.parliament.vic.gov.au/news/justice/vicariousliability,20.md,Yes,Legislative and Statutory Developments,Victoria
2026-03-04,Identity verification made simpler for scheme participants,https://cer.gov.au/news-and-media/news/2026/march/identity-verification-made-simpler-scheme-participants,200.md,Yes,Legislative and Statutory Developments,National
2026-03-02,New solar battery photo requirements now in place,https://cer.gov.au/news-and-media/news/2026/march/new-solar-battery-photo-requirements-now-place,201.md,No,,
2026-02-27,2024–25 National Greenhouse and Energy Reporting data now available,https://cer.gov.au/news-and-media/news/2026/february/2024-25-national-greenhouse-and-energy-reporting-data-now-available,202.md,Yes,"Reports, Data Releases, and Analytical Insights",National
2026-03-04,Parliament passes legislation to establish Defence committee,https://www.minister.defence.gov.au/media-releases/2026-03-04/parliament-passes-legislation-establish-defence-committee,203.md,Yes,Legislative and Statutory Developments,National
2026-03-02,Product of Concern Summit for Collins class sustainment,https://www.minister.defence.gov.au/media-releases/2026-03-02/product-concern-summit-collins-class-sustainment,204.md,Yes,"Compliance, Oversight, and Enforcement Actions",National
2026-03-05,AEMO publishes ECMC governance review submission,https://www.aemo.com.au/newsroom/news-updates/aemo-publishes-ecmc-governance-review-submission,205.md,Yes,Consultation and Policy Design Opportunities,National
2026-03-06,Latest News,https://www.finance.gov.au/about-us/news,206.md,Yes,Misc,National
2026-03-05,Applications for the Finance Graduate Program are open now,https://www.finance.gov.au/about-us/news/2026/applications-finance-graduate-program-are-open-now,207.md,Yes,Consultation and Policy Design Opportunities,National
2026-03-04,Seeking feedback on proposed changes to the Digital ID Amendment (Redress Framework) Rules 2025,https://www.finance.gov.au/about-us/news/2026/seeking-feedback-proposed-changes-digital-id-amendment-redress-framework-rules-2025,208.md,Yes,Consultation and Policy Design Opportunities,National
2026-03-04,2026 Specialist Investment Vehicles (SIVs) Forum,https://www.finance.gov.au/about-us/news/2026/2026-specialist-investment-vehicles-sivs-forum,209.md,Yes,Funding and Grant Announcements,National
2026-03-03,Community consultation could be improved by updating public engagement framework,https://www.parliament.vic.gov.au/news,21.md,Yes,Legislative and Statutory Developments,Victoria
2026-03-05,Supercars To Rev Up F1 Grand Prix For Years To Come,https://www.premier.vic.gov.au/supercars-rev-f1-grand-prix-years-come,211.md,No,,
2026-03-05,Delivered: Seven Years of Free TAFE,https://www.premier.vic.gov.au/delivered-seven-years-free-tafe,212.md,Yes,Funding and Grant Announcements,Victoria
2026-03-05,"Nation-Leading Laws To Keep Children Safe, Families Strong",https://www.premier.vic.gov.au/nation-leading-laws-keep-children-safe-families-strong,213.md,Yes,Legislative and Statutory Developments,Victoria
2026-03-05,Backing Local Councils To Protect Vulnerable Road Users,https://www.premier.vic.gov.au/backing-local-councils-protect-vulnerable-road-users,214.md,Yes,Funding and Grant Announcements,Victoria
2026-03-05,Victoria Leads The Way As The Education State,https://www.premier.vic.gov.au/victoria-leads-way-education-state,215.md,Yes,"Reports, Data Releases, and Analytical Insights",Victoria
2026-03-04,Crackdown On Dodgy Drivers At Grand Prix,https://www.premier.vic.gov.au/crackdown-dodgy-drivers-grand-prix,216.md,No,,
2026-03-04,Stronger Protections For Retirees One Step Closer,https://www.premier.vic.gov.au/stronger-protections-retirees-one-step-closer,217.md,Yes,Legislative and Statutory Developments,Victoria
2026-03-04,Smarter Understanding Of Heavy-Vehicle Movements,https://www.premier.vic.gov.au/smarter-understanding-heavy-vehicle-movements,218.md,Yes,"Reports, Data Releases, and Analytical Insights",Victoria
2026-03-04,Families Save Time Using School Facilities Close To Home,https://www.premier.vic.gov.au/families-save-time-using-school-facilities-close-home,219.md,Yes,"Community, First Nations, and Social Licence Initiatives",Victoria
2026-03-05,Strong growth in services lifts household spending,https://www.abs.gov.au/media-centre/media-releases/strong-growth-services-lifts-household-spending-0,22.md,No,,
2026-03-03,Joint media release: Canberra's third community battery powers up,https://minister.dcceew.gov.au/bowen/media-releases/joint-media-release-canberras-third-community-battery-powers,220.md,Yes,Funding and Grant Announcements,Australian Capital Territory
2026-03-02,Joint media release: Clean energy apprentices delivering our renewable future,https://minister.dcceew.gov.au/bowen/media-releases/joint-media-release-clean-energy-apprentices-delivering-our-renewable-future,221.md,Yes,Funding and Grant Announcements,National
2026-03-01,"250,000 Cheaper Home Batteries helping power a stronger, more reliable grid",https://minister.dcceew.gov.au/bowen/media-releases/250000-cheaper-home-batteries-helping-power-stronger-more-reliable-grid,222.md,Yes,"Community, First Nations, and Social Licence Initiatives",National
2026-03-05,Backing in red centre tourism,https://www.trademinister.gov.au/minister/don-farrell/media-release/backing-red-centre-tourism,223.md,Yes,Funding and Grant Announcements,National
2026-03-04,"Interview with James Glenday, ABC News Breakfast",https://www.trademinister.gov.au/minister/don-farrell/transcript/interview-james-glenday-abc-news-breakfast,224.md,No,,
2026-02-27,"Interview with Sally Sara, ABC Radio National Breakfast",https://www.trademinister.gov.au/minister/don-farrell/transcript/interview-sally-sara-abc-radio-national-breakfast,225.md,Yes,"Ministerial, Diplomatic, and International Engagements",National
2026-03-05,Protect your dam with a burnt netting,https://agriculture.vic.gov.au/about/media-centre/media-releases/2026-releases/protect-your-dam-with-a-burnt-netting,226.md,Yes,"Infrastructure, Project Approvals, and EPBC Developments",Victoria
2026-03-05,Livestock tag prices lowest in Australia,https://agriculture.vic.gov.au/about/media-centre/media-releases/2026-releases/livestock-tag-prices-lowest-in-australia,227.md,No,,
2026-03-04,Get shearing done to prevent animal welfare issues,https://agriculture.vic.gov.au/about/media-centre/media-releases/2026-releases/get-shearing-done-to-prevent-animal-welfare-issues,228.md,Yes,"Compliance, Oversight, and Enforcement Actions",Victoria
2026-03-02,Victoria expands support for beekeepers,https://agriculture.vic.gov.au/about/media-centre/media-releases/2026-releases/victoria-expands-support-for-beekeepers,229.md,Yes,"Community, First Nations, and Social Licence Initiatives",Victoria
2026-03-05,Independent schools drive rise in enrolments,https://www.abs.gov.au/media-centre/media-releases/independent-schools-drive-rise-enrolments,23.md,Yes,"Reports, Data Releases, and Analytical Insights",National
2026-03-01,ACT’s first network of neighbourhood batteries complete,https://www.act.gov.au/our-canberra/latest-news/2026/march/acts-first-network-of-neighbourhood-batteries-complete,230.md,Yes,Funding and Grant Announcements,Australian Capital Territory
2026-03-05,IMF Staff Concludes Visit to Zambia,https://www.imf.org/en/news/articles/2026/03/05/pr-26073-zambia-imf-staff-concludes-visit-to-zambia,231.md,Yes,"Ministerial, Diplomatic, and International Engagements",International
2026-03-05,IMF to Close Resident Representative Office in Suriname,https://www.imf.org/en/news/articles/2026/03/05/pr-26072-suriname-imf-to-close-resident-representative-office-in-suriname,232.md,Yes,Consultation and Policy Design Opportunities,International
2026-03-05,IMF Staff Concludes Visit to Kenya,https://www.imf.org/en/news/articles/2026/03/04/pr-26071-kenya-imf-staff-concludes-visit-to-kenya,233.md,Yes,Consultation and Policy Design Opportunities,International
2026-03-05,Shaping Asia’s Future,https://www.imf.org/en/news/articles/2026/03/05/sp030526-shaping-asias-future,234.md,Yes,"Reports, Data Releases, and Analytical Insights",International
2026-03-04,IMF Staff Completes 2026 Article IV Consultation to Kiribati,https://www.imf.org/en/news/articles/2026/03/04/pr26070-kiribati-imf-staff-completes-2026-article-iv-consultation-to-kiribati,235.md,Yes,"Reports, Data Releases, and Analytical Insights",International
2026-03-04,"Joint Press Release by the Ministry of Finance of Thailand, the Bank of Thailand, and the International Monetary Fund on Progress in Preparations for the 2026 Annual Meetings",https://www.imf.org/en/news/articles/2026/03/04/pr-26069-joint-pr-progress-2026-annual-meetings,236.md,Yes,"Ministerial, Diplomatic, and International Engagements",International
2026-03-03,IMF Statement on the Middle East,https://www.imf.org/en/news/articles/2026/03/03/pr-26068-statement-on-middle-east,237.md,No,,
2026-03-02,St. Kitts and Nevis: Staff Concluding Statement of the 2026 Article IV Mission,https://www.imf.org/en/news/articles/2026/03/02/cs-03022026-st-kitts-and-nevis-staff-concluding-statement-of-the-2026-article-iv-mission,238.md,Yes,"Reports, Data Releases, and Analytical Insights",National
2026-03-05,"New leader, same negativity","https://www.premier.tas.gov.au/latest-news/2026/march/new-leader,-same-negativity",239.md,No,,
2026-03-04,Australian economy grew 0.8% in the December quarter,https://www.abs.gov.au/media-centre/media-releases/australian-economy-grew-08-december-quarter,24.md,No,,
2026-03-05,Building Tasmania to supercharge delivery,https://www.premier.tas.gov.au/latest-news/2026/march/building-tasmania-to-supercharge-delivery,240.md,No,,
2026-03-05,Tasmania’s role as Australia’s Antarctic Gateway celebrated with French icebreaker visit,https://www.premier.tas.gov.au/latest-news/2026/march/tasmanias-role-as-australias-antarctic-gateway-celebrated-with-french-icebreaker-visit,241.md,Yes,"Ministerial, Diplomatic, and International Engagements",Tasmania
2026-03-05,Interim Redress Scheme for Historical Forced Adoptions now open,https://www.premier.tas.gov.au/latest-news/2026/march/interim-redress-scheme-for-historical-forced-adoptions-now-open,242.md,No,,
2026-03-05,Labor must outline their tax plan,https://www.premier.tas.gov.au/latest-news/2026/march/labor-must-outline-their-tax-plan,243.md,No,,
2026-03-04,North West Regional Hospital redevelopment reaches next stage,https://www.premier.tas.gov.au/latest-news/2026/march/north-west-regional-hospital-redevelopment-reaches-next-stage,244.md,Yes,"Infrastructure, Project Approvals, and EPBC Developments",Tasmania
2026-03-04,Record final demand and nation-leading private investment growth highlight strength of Tasmanian economy,https://www.premier.tas.gov.au/latest-news/2026/march/record-final-demand-and-nation-leading-private-investment-growth-highlight-strength-of-tasmanian-economy,245.md,No,,
2026-03-03,Legislation tabled to improve protections for long-term caravan park residents,https://www.premier.tas.gov.au/latest-news/2026/march/legislation-tabled-to-improve-protections-for-long-term-caravan-park-residents,246.md,Yes,Legislative and Statutory Developments,Tasmania
2026-03-04,Legislation to freeze National Construction Code tabled,https://www.premier.tas.gov.au/latest-news/2026/march/legislation-to-freeze-national-construction-code-tabled,247.md,No,,
2026-03-03,State of the State 2026,https://www.premier.tas.gov.au/latest-news/2026/march/state-of-the-state-2026,248.md,Yes,Funding and Grant Announcements,Tasmania
2026-03-03,Progress on Kangaroo Bay development welcomed,https://www.premier.tas.gov.au/latest-news/2026/march/progress-on-kangaroo-bay-development-welcomed,249.md,No,,
2026-03-03,Total approvals fall in January,https://www.abs.gov.au/media-centre/media-releases/total-approvals-fall-january,25.md,No,,
2026-03-03,Doctors receive a pay rise,https://www.premier.tas.gov.au/latest-news/2026/march/doctors-receive-a-pay-rise,250.md,No,,
2026-02-27,Heavy vehicle sustainability guide released with support from Green Industries SA,https://www.greenindustries.sa.gov.au/news/heavy-vehicle-sustainability-guide-released,251.md,Yes,Funding and Grant Announcements,National
2026-03-02,Level Crossing Removal2 March 2026Making progress in Melton News,https://bigbuild.vic.gov.au/news/level-crossing-removal-project/making-progress-in-melton,252.md,Yes,"Infrastructure, Project Approvals, and EPBC Developments",Victoria
2026-03-01,Big Build Roads1 March 2026Ballan Road traders ready for Spend and Win News,https://bigbuild.vic.gov.au/news/roads/ballan-road-traders-ready-for-spend-and-win,253.md,No,,
2026-02-27,Victoria's Big Build27 February 2026Transport build ramps up this autumn News,https://bigbuild.vic.gov.au/news/victorias-big-build/transport-build-ramps-up-this-autumn,254.md,No,,
2026-02-27,Level Crossing Removal27 February 2026New Mordialloc Station set to open in May News,https://bigbuild.vic.gov.au/news/level-crossing-removal-project/new-mordialloc-station-set-to-open-in-may,255.md,Yes,"Infrastructure, Project Approvals, and EPBC Developments",Victoria
2026-03-04,Securing long-term investment in Northern Australia,https://minister.infrastructure.gov.au/m-king/media-release/securing-long-term-investment-northern-australia,256.md,Yes,Legislative and Statutory Developments,National
2026-03-05,Secretary-General: Press Release,https://press.un.org/en/2026/sgsm23036.doc.htm,257.md,Yes,Legislative and Statutory Developments,International
2026-03-04,"Triple Lending Capacity, Scale Up Private Capital for Sustainable Development, Secretary-General Urges at European Investment Bank Group Meeting",https://press.un.org/en/2026/sgsm23035.doc.htm,258.md,Yes,"Ministerial, Diplomatic, and International Engagements",International
2026-03-04,"Activities of Secretary-General in Ethiopia, 12-15 February",https://press.un.org/en/2026/sgt3455.doc.htm,259.md,Yes,"Ministerial, Diplomatic, and International Engagements",International
2026-03-03,Current account deficit widens,https://www.abs.gov.au/media-centre/media-releases/current-account-deficit-widens,26.md,No,,
2026-03-03,Secretary‑General Appoints Pablo Salazar Canelos of Ecuador United Nations Resident Coordinator in Costa Rica,https://press.un.org/en/2026/sga2395.doc.htm,260.md,No,,
2026-03-03,"Amid Rising Global Tensions, Secretary-General Urges Trusted Scientific Guidance on Artificial Intelligence, in Remarks to Independent International Panel",https://press.un.org/en/2026/sgsm23034.doc.htm,261.md,No,,
2026-02-28,"Following Iran Strikes, Secretary-General Warns Security Council of Wider Conflict in Middle East, Calls for De-escalation, Immediate Ceasefire",https://press.un.org/en/2026/sgsm23033.doc.htm,262.md,Yes,"Ministerial, Diplomatic, and International Engagements",International
2026-02-28,"Secretary-General Condemns Military Escalation in Middle East, Calls for Cessation of Hostilities",https://press.un.org/en/2026/sgsm23032.doc.htm,263.md,No,,
2026-02-27,"‘Choose Dignity over Discrimination’, Secretary-General Tells General Assembly Meeting on Global Compact for Safe, Orderly, Regular Migration",https://press.un.org/en/2026/sgsm23031.doc.htm,264.md,Yes,"Ministerial, Diplomatic, and International Engagements",International
2026-03-03,"Novus on Victoria, Chatswood Build-To-Rent approved subject to conditions",https://www.ipcn.nsw.gov.au/news/novus-victoria-chatswood-build-rent-approved-subject-conditions,265.md,Yes,"Infrastructure, Project Approvals, and EPBC Developments",NSW
2026-02-27,Prof Haymet addresses Royal Society of NSW annual dinner,https://www.chiefscientist.gov.au/news-and-media/prof-haymet-addresses-royal-society-nsw-annual-dinner,266.md,No,,
2026-03-02,Stocktake reinforces Australia's strength in critical minerals,https://www.minister.industry.gov.au/ministers/king/media-releases/stocktake-reinforces-australias-strength-critical-minerals,267.md,Yes,"Reports, Data Releases, and Analytical Insights",National
2026-02-27,Increased funding to support South West FOGO services,https://www.wa.gov.au/government/media-statements/Cook%20Labor%20Government/Increased-funding-to-support-South-West-FOGO-services-20260225,268.md,Yes,Funding and Grant Announcements,Western Australia
2026-02-27,Australian Government General Government Sector Monthly Financial Statements for January 2026,https://ministers.finance.gov.au/financeminister/media-release/2026/02/27/australian-government-general-government-sector-monthly-financial-statements-january-2026,269.md,No,,
2026-03-02,Winter crops recover with 20% rise in value for 2024-25,https://www.abs.gov.au/media-centre/media-releases/winter-crops-recover-20-rise-value-2024-25,27.md,No,,
2026-03-05,Construction kicks off on massive Lennox Head Public School and preschool upgrade,https://www.nsw.gov.au/ministerial-releases/construction-kicks-off-on-massive-lennox-head-public-school-and-preschool-upgrade,270.md,Yes,Funding and Grant Announcements,NSW
2026-03-05,Next stage of $36 million Snowy Mountains Highway safety upgrades getting underway,https://www.nsw.gov.au/ministerial-releases/next-stage-of-36-million-snowy-mountains-highway-safety-upgrades-getting-underway,271.md,Yes,Funding and Grant Announcements,NSW
2026-03-05,"NSW Women of the Year: Leadership, courage and community shine",https://www.nsw.gov.au/ministerial-releases/nsw-women-of-year-leadership-courage-and-community-shine,272.md,No,,
2026-03-05,Students out of demountables and into permanent classrooms as major upgrade delivered in Schofields,https://www.nsw.gov.au/ministerial-releases/students-out-of-demountables-and-into-permanent-classrooms-as-major-upgrade-delivered-schofields,273.md,Yes,"Infrastructure, Project Approvals, and EPBC Developments",NSW
2026-03-05,Government moves to make feral pig and deer management bigger and better as nearly 250k pigs culled over past three years,https://www.nsw.gov.au/ministerial-releases/government-moves-to-make-feral-pig-and-deer-management-bigger-and-better-as-nearly-250k-pigs-culled-over-past-three-years,274.md,Yes,Funding and Grant Announcements,NSW
2026-03-05,Regional NSW Ambulance staff recognised for outstanding service and bravery,https://www.nsw.gov.au/ministerial-releases/nsw-ambulance-staff-outstanding-service-and-bravery,275.md,Yes,Funding and Grant Announcements,NSW
2026-03-05,"More than 8,400 visits to Gregory Hills Urgent Care Service",https://www.nsw.gov.au/ministerial-releases/more-than-8400-visits-to-gregory-hills-urgent-care-service,276.md,No,,
2026-03-05,A laser focus on rail reliability as hand-held wire check tech is deployed,https://www.nsw.gov.au/ministerial-releases/a-laser-focus-on-rail-reliability-as-hand-held-wire-check-tech-deployed,277.md,Yes,Corporate and Institutional ESG Actions,NSW
2026-03-04,New temporary ambulance station opens at Smeaton Grange,https://www.nsw.gov.au/ministerial-releases/new-temporary-ambulance-station-opens-at-smeaton-grange,278.md,Yes,"Infrastructure, Project Approvals, and EPBC Developments",NSW
2026-03-04,"Safer, more accessible transport on track for Canberra and Yass: Designs revealed for station upgrades",https://www.nsw.gov.au/ministerial-releases/safer-more-accessible-transport-on-track-for-canberra-and-yass-designs-revealed-for-station-upgrades,279.md,Yes,"Community, First Nations, and Social Licence Initiatives",NSW
2026-02-27,New insights for addressing childhood disadvantage,https://www.abs.gov.au/media-centre/media-releases/new-insights-addressing-childhood-disadvantage,28.md,No,,
2026-03-05,Celebrate 50 Years of Werrikimbe National Park at Mooraback Cabin | Media release,https://www.environment.nsw.gov.au/news/celebrate-50-years-werrikimbe-national-park-mooraback-cabin,280.md,Yes,"Environmental Protection, Biodiversity, and Nature Policy",International
2026-02-28,"From bush to the city, NPWS Rainbow Lyrebirds step out at Mardi Gras for first time | Media release",https://www.environment.nsw.gov.au/news/npws-rainbow-lyrebirds-step-out-mardi-gras-first-time,281.md,Yes,Corporate and Institutional ESG Actions,NSW
2026-02-27,NSW Threatened Species Scientific Committee final determinations for February 2026 | News,https://www.environment.nsw.gov.au/news/nsw-threatened-species-scientific-committee-final-determinations-february-2026-news,282.md,No,,
2026-03-04,How the SBTi is meeting India’s corporate climate momentum,https://sciencebasedtargets.org/blog/how-the-sbti-is-meeting-indias-corporate-climate-momentum,283.md,Yes,Corporate and Institutional ESG Actions,International
2026-03-05,Proposed rules to protect life support customers during outages and extreme weather events,https://www.esc.vic.gov.au/media-centre/proposed-rules-protect-life-support-customers-during-outages-and-extreme-weather-events,284.md,No,,
2026-03-03,VIDEO: How is the EU fighting illegal trade in European eel?,https://environment.ec.europa.eu/news/video-how-eu-fighting-illegal-trade-european-eel-2026-03-03_en,285.md,Yes,"Compliance, Oversight, and Enforcement Actions",International
2026-03-03,PRACTICAL SUPPORT - Continued collaboration on wolf impact on small scale extensive livestock | Italy,https://environment.ec.europa.eu/news/practical-support-continued-collaboration-wolf-impact-small-scale-extensive-livestock-italy-2026-03-03_en,286.md,Yes,"Community, First Nations, and Social Licence Initiatives",International
2026-02-27,New EU ship recycling list includes first German facility,https://environment.ec.europa.eu/news/new-eu-ship-recycling-list-includes-first-german-facility-2026-02-27_en,287.md,Yes,"Compliance, Oversight, and Enforcement Actions",International
2026-03-05,FRANCESCA: seeking your views on circular solutions for the furniture industry!,https://circulareconomy.europa.eu/platform/en/news-and-events/all-news/francesca-seeking-your-views-circular-solutions-furniture-industry,288.md,Yes,Consultation and Policy Design Opportunities,International
2026-03-04,Circular bioeconomy: a report on scaling up bio-based industries,https://circulareconomy.europa.eu/platform/en/news-and-events/all-news/circular-bioeconomy-report-scaling-bio-based-industries,289.md,Yes,Funding and Grant Announcements,International
2026-03-05,AEMC proposes improvements to life support customer processes,https://www.aemc.gov.au/news-centre/media-releases/aemc-proposes-improvements-life-support-customer-processes,29.md,Yes,"Compliance, Oversight, and Enforcement Actions",National
2026-03-03,Assessing the climate mitigation potential of circular economy,https://circulareconomy.europa.eu/platform/en/news-and-events/all-news/assessing-climate-mitigation-potential-circular-economy,290.md,Yes,"Reports, Data Releases, and Analytical Insights",International
2026-03-02,Applications for EU Green Week 2026 partner events are now open!,https://circulareconomy.europa.eu/platform/en/news-and-events/all-news/applications-eu-green-week-2026-partner-events-are-now-open,291.md,Yes,"Environmental Protection, Biodiversity, and Nature Policy",International
2026-03-02,A vibrant new chapter for Victoria’s Multicultural Business Precincts,https://business.vic.gov.au/news-and-updates/2026/a-vibrant-new-chapter-for-victorias-multicultural-business-precincts,292.md,Yes,"Community, First Nations, and Social Licence Initiatives",Victoria
2026-03-05,Consultation begins on options to stop family violence perpetrators accessing their victims’ super after death,https://ministers.treasury.gov.au/ministers/daniel-mulino-2025/media-releases/consultation-begins-options-stop-family-violence,293.md,Yes,Consultation and Policy Design Opportunities,National
2026-03-04,Submission on the Australian tyre industry,https://alga.com.au/submission-on-the-australian-tyre-industry/,294.md,Yes,State and Local Government Programs,National
2026-03-02,"Copper prices have hit record highs, but smelters face mounting strategic pressures",https://www.iea.org/commentaries/copper-prices-have-hit-record-highs-but-smelters-face-mounting-strategic-pressures,295.md,Yes,"Reports, Data Releases, and Analytical Insights",International
2026-03-04,National Accounts – December quarter 2025,https://ministers.treasury.gov.au/ministers/jim-chalmers-2022/media-releases/national-accounts-december-quarter-2025,296.md,No,,
2026-03-05,Ballarat pavilion to kick goals for local athletes,https://www.rdv.vic.gov.au/news/ballarat-pavilion-to-kick-goals-for-local-athletes,3.md,Yes,Funding and Grant Announcements,Victoria
2026-03-03,Drier conditions on the horizon after record year,https://www.agriculture.gov.au/about/news/abares-march-reports,30.md,No,,
2026-02-27,Inside the world of DAFF biosecurity detector dog handlers,https://www.agriculture.gov.au/about/news/inside-work-biosec-detector-dog-handlers,31.md,Yes,"Environmental Protection, Biodiversity, and Nature Policy",National
2026-03-03,"Message from the Director of World Heritage Centre, Lazare Eloundou Assomo, for World Wildlife Day 2026",https://whc.unesco.org/en/news/2871,33.md,Yes,"Environmental Protection, Biodiversity, and Nature Policy",International
2026-02-27,UNESCO convenes Virtual Brainstorming to strengthen World Heritage higher education in Africa,https://whc.unesco.org/en/news/2874,34.md,Yes,"Community, First Nations, and Social Licence Initiatives",International
2026-03-02,Renewable energy is a clear solution to the fossil fuel cost chaos: Statement from UN Climate Change Executive Secretary,https://unfccc.int/news/renewable-energy-is-a-clear-solution-to-the-fossil-fuel-cost-chaos-statement-from-un-climate-change,35.md,Yes,"Environmental Protection, Biodiversity, and Nature Policy",International
2026-03-03,"Update on response to Shield and First Guardian collapse, including AFCA membership of financial firms in liquidation",https://www.afca.org.au/news/latest-news/update-on-response-to-shield-and-first-guardian-collapse-including-afca-membership-of-financial-firms-in-liquidation,36.md,Yes,"Compliance, Oversight, and Enforcement Actions",National
2026-02-27,AFCA publishes video update explaining the United Global Capital and Next Generation Advice lead decision,https://www.afca.org.au/news/latest-news/afca-publishes-video-update-explaining-the-united-global-capital-and-next-generation-advice-lead-decision,37.md,No,,
2026-03-03,APRA statement on gender pay gap,https://www.apra.gov.au/news-and-publications/apra-statement-on-gender-pay-gap,38.md,Yes,Corporate and Institutional ESG Actions,National
2026-02-28,APRA revokes Bank of Nova Scotia’s authorised deposit-taking institution licence,https://www.apra.gov.au/news-and-publications/apra-revokes-bank-of-nova-scotia%E2%80%99s-authorised-deposit-taking-institution,39.md,No,,
2026-03-04,Innovative glasshouse ready to grow,https://www.rdv.vic.gov.au/news/innovative-glasshouse-ready-to-grow,4.md,Yes,Corporate and Institutional ESG Actions,International
2026-02-27,APRA releases Monthly Authorised Deposit-taking Institution Statistics for January 2026,https://www.apra.gov.au/news-and-publications/apra-releases-monthly-authorised-deposit-taking-institution-statistics-for-69,40.md,No,,
2026-02-27,APRA releases quarterly insurance statistics for December 2025,https://www.apra.gov.au/news-and-publications/apra-releases-quarterly-insurance-statistics-for-december-2025,41.md,No,,
2026-03-05,Join us at Your Catch Counts activation events,https://www.dpi.qld.gov.au/news-media/news/join-us-at-our-activation-events,42.md,No,,
2026-02-27,Varroa mite showing resistance to chemical treatments,https://www.dpi.qld.gov.au/news-media/news/varroa-mite-showing-resistance-to-chemical-treatments,43.md,Yes,"Compliance, Oversight, and Enforcement Actions",Queensland
2026-03-02,AFCA announces three new C-suite appointments,https://www.afca.org.au/news/media-releases/afca-announces-three-new-c-suite-appointments,44.md,Yes,Corporate and Institutional ESG Actions,National
2026-02-27,AFCA receives record number of complaints in 2025 calendar year,https://www.afca.org.au/news/media-releases/afca-receives-record-number-of-complaints-in-2025-calendar-year,45.md,No,,
2026-03-04,Supporting care home residents’ right to visit loved ones,https://www.gov.scot/news/supporting-care-home-residents-right-to-visit-loved-ones-2/,46.md,Yes,Legislative and Statutory Developments,National
2026-03-04,Help for veterans and families,https://www.gov.scot/news/help-for-veterans-and-families/,47.md,Yes,Funding and Grant Announcements,International
2026-03-04,Cheaper bus travel for Highland communities,https://www.gov.scot/news/cheaper-bus-travel-for-highland-communities/,48.md,No,,
2026-03-04,Improving delivery across health and social care,https://www.gov.scot/news/improving-delivery-across-health-and-social-care/,49.md,Yes,Corporate and Institutional ESG Actions,National
2026-03-02,Happy trails for locals and visitors in Leongatha,https://www.rdv.vic.gov.au/news/happy-trails-for-locals-and-visitors-in-leongatha,5.md,Yes,Funding and Grant Announcements,Victoria
2026-03-04,Accelerating growth in Grangemouth,https://www.gov.scot/news/accelerating-growth-in-grangemouth/,50.md,Yes,Funding and Grant Announcements,International
2026-03-03,Modernising Scotland's contract law,https://www.gov.scot/news/modernising-scotlands-contract-law/,51.md,No,,
2026-03-03,Investing in Ferguson Marine,https://www.gov.scot/news/investing-in-ferguson-marine/,52.md,No,,
2026-03-03,Increase in number of NHS operations performed,https://www.gov.scot/news/increase-in-number-of-nhs-operations-performed/,53.md,No,,
2026-03-03,Scotland meets CAMHS waiting times commitment,https://www.gov.scot/news/scotland-meets-camhs-waiting-times-commitment/,54.md,No,,
2026-03-02,Iran conflict,https://www.gov.scot/news/iran-conflict/,55.md,No,,
2026-03-05,"Trump pardons wipe nearly $2 billion in victim repayment and taxpayer recovery for Medicare and tax fraud, and more",https://www.gov.ca.gov/2026/03/05/trumpcriminals3/,56.md,No,,
2026-03-02,"Governor Newsom announces new CARE Court accountability measures to get more chronically mentally ill off our streets, awards $291 million in funding for services and housing",https://www.gov.ca.gov/2026/03/02/governor-newsom-announces-new-care-court-accountability-measures-to-get-more-chronically-mentally-ill-off-our-streets-awards-291-million-in-funding-for-services-and-housing/,57.md,Yes,Funding and Grant Announcements,International
2026-03-04,Governor Newsom and Acting Governor Kounalakis honor fallen Chief Warrant Officer Three Robert M. Marzan,https://www.gov.ca.gov/2026/03/04/governor-newsom-and-acting-governor-kounalakis-honor-fallen-chief-warrant-officer-three-robert-m-marzan/,58.md,No,,
2026-03-03,Joint media release: Australia's agricultural production on track to exceed 2030 industry target,https://minister.agriculture.gov.au/collins/media-release/joint-media-release-national-farmers-federation-aus-agriculture-production-2026,6.md,Yes,"Reports, Data Releases, and Analytical Insights",National
2026-03-03,Governor Newsom announces appointments 3.3.2026,https://www.gov.ca.gov/2026/03/03/governor-newsom-announces-appointments-3-3-2026/,60.md,No,,
2026-03-03,Governor Newsom proclaims Peace Corps Week,https://www.gov.ca.gov/2026/03/03/governor-newsom-proclaims-peace-corps-week/,61.md,No,,
2026-03-05,Press briefing on next week’s plenary session,https://www.europarl.europa.eu/news/en/press-room/20260305IPR37410/press-briefing-on-next-week-s-plenary-session,62.md,No,,
2026-03-02,International Women’s Day: women’s rights and democracy in the digital age,https://www.europarl.europa.eu/news/en/press-room/20260302IPR36903/international-women-s-day-women-s-rights-and-democracy-in-the-digital-age,63.md,Yes,Parliamentary and Political Proceedings,International
2026-03-02,News South Australia rockets up the charts as a global mining destination,https://www.energymining.sa.gov.au/home/news/latest/south-australia-rockets-up-the-charts-as-a-global-mining-destination,64.md,No,,
2026-02-27,GCF Readiness support for the Development Bank of Nigeria,https://www.greenclimate.fund/news/gcf-readiness-support-development-bank-nigeria,65.md,Yes,Funding and Grant Announcements,International
2026-03-01,Statement on the Strait of Hormuz,https://www.imo.org/en/MediaCentre/PressBriefings/pages/Statement-on-the-Strait-of-Hormuz.aspx,66.md,Yes,"Ministerial, Diplomatic, and International Engagements",International
2026-03-03,Trinidad and Tobago enhances readiness for hazardous and noxious marine spills,https://www.imo.org/en/MediaCentre/Pages/WhatsNew-2432.aspx,67.md,Yes,"Environmental Protection, Biodiversity, and Nature Policy",International
2026-03-02,New sulphur and nitrogen emission limits enter into force in the Canadian Arctic and the Norwegian Sea,https://www.imo.org/en/MediaCentre/Pages/WhatsNew-2431.aspx,68.md,Yes,"Environmental Protection, Biodiversity, and Nature Policy",International
2026-03-05,Statement by the High Representative on behalf of the European Union on the alignment of certain third countries with Council Decision (CFSP) 2026/432 concerning restrictive measures in view of the situation in Russia.,https://www.consilium.europa.eu/en/press/press-releases/2026/03/05/statement-by-the-high-representative-on-behalf-of-the-eu-on-the-alignment-of-certain-third-countries-concerning-restrictive-measures-in-view-of-the-situation-in-russia/,69.md,Yes,"Ministerial, Diplomatic, and International Engagements",International
2026-02-27,Joint media release: Disaster loans increased for flood impacted primary producers,https://minister.agriculture.gov.au/collins/media-release/joint-release-disaster-recovery-mcbain-leahy-perrett-disaster-payments,7.md,Yes,Funding and Grant Announcements,Queensland
2026-03-05,"Press briefing ahead of the Economic and Financial Affairs Council will take place on 9 March at 12.00. The briefing will be ""off the record"".",https://www.consilium.europa.eu/en/press/press-releases/2026/03/05/press-briefing-economic-and-financial-affairs-council-of-10-march-2026/,70.md,No,,
2026-03-05,"GCC and EU Ministers’ issued a joint statement after their meeting on recent developments in the Middle East, condemning Iran’s recent attacks on GCC infrastructure, reaffirming their strategic partnership and commitment to regional stability, international law, and collective diplomatic efforts to curb Iranian attacks against the GCC countries.",https://www.consilium.europa.eu/en/press/press-releases/2026/03/05/joint-statement-by-gcc-eu-ministers-meeting-on-recent-developments-in-the-middle-east-iran-s-attacks-against-gcc-states/,71.md,Yes,"Ministerial, Diplomatic, and International Engagements",International
2026-03-05,"The Council adopted the amended European climate law with a binding intermediate climate target for 2040, of a 90% reduction in net greenhouse gas (GHG) emissions compared to 1990 levels.",https://www.consilium.europa.eu/en/press/press-releases/2026/03/05/2040-climate-target-council-gives-final-green-light/,72.md,Yes,Legislative and Statutory Developments,International
2026-03-05,The Council formally adopts cross-border enforcement of rules against unfair trading practices in the agrifood supply chain.,https://www.consilium.europa.eu/en/press/press-releases/2026/03/05/council-adopts-rules-to-combat-cross-border-unfair-trading-practices-in-the-agrifood-sector/,73.md,Yes,"Compliance, Oversight, and Enforcement Actions",International
2026-03-05,"The Council adopted a regulation to safeguard EU farmers against import surges from Mercosur, ensuring swift action in case of severe market disruptions for agricultural products.",https://www.consilium.europa.eu/en/press/press-releases/2026/03/05/eu-mercosur-council-greenlights-safeguards-for-agricultural-products/,74.md,Yes,Legislative and Statutory Developments,International
2026-03-04,"Main agenda items, approximate timing, public sessions and press opportunities.",https://www.consilium.europa.eu/en/press/press-releases/2026/03/04/media-advisory-justice-and-home-affairs-council-of-5-and-6-march-2026/,75.md,No,,
2026-03-04,"On 4 March 2026, European Council President António Costa was in Luxembourg where he delivered a speech at the EIB Group Forum.",https://www.consilium.europa.eu/en/press/press-releases/2026/03/04/keynote-speech-by-president-antonio-costa-at-the-eib-group-forum-2026/,76.md,Yes,Funding and Grant Announcements,International
2026-03-04,"Eurogroup President, Kyriakos Pierrakakis, gave a speech at the EIB Group Forum 2026.",https://www.consilium.europa.eu/en/press/press-releases/2026/03/04/digital-finance-catalyst-for-european-transformation-keynote-speech-by-the-eurogroup-president-kyriakos-pierrakakis-at-the-eib-group-forum-2026/,77.md,No,,
2026-03-04,"The press briefing ahead of the Employment, Social Policy, Health and Consumer Affairs Council (Social policy) will take place on Thursday, 5 March 2026 at 11.00.",https://www.consilium.europa.eu/en/press/press-releases/2026/03/04/press-briefing-employment-social-policy-health-and-consumer-affairs-council-social-policy-of-9-march-2026/,78.md,No,,
2026-03-04,"The Council agrees on a position on clearer, simpler CO₂-based EU road toll rules for heavy-duty vehicles ahead of 2026 standards.",https://www.consilium.europa.eu/en/press/press-releases/2026/03/04/eurovignette-council-clarifies-and-simplifies-eu-rules-on-road-tolls-and-user-charges-for-heavy-duty-vehicles/,79.md,Yes,Legislative and Statutory Developments,International
2026-03-04,Council adopts its negotiating position on the amended critical raw material act.,https://www.consilium.europa.eu/en/press/press-releases/2026/03/04/raw-materials-council-adopts-position-to-reinforce-the-security-of-supply-and-the-circularity-of-eu-industry/,80.md,Yes,Legislative and Statutory Developments,International
2026-03-04,Simplification: Council agrees position to streamline EU rules on biocides by extending data protection period.,https://www.consilium.europa.eu/en/press/press-releases/2026/03/04/council-agrees-position-to-streamline-rules-on-biocides/,81.md,Yes,Legislative and Statutory Developments,International
2026-03-03,"Kyriakos Pierrakakis, President of the Eurogroup, is travelling to Luxembourg where he will give a keynote speech at the EIB Forum.",https://www.consilium.europa.eu/en/press/press-releases/2026/03/03/president-of-the-eurogroup-kyriakos-pierrakakis-travels-to-luxembourg/,82.md,No,,
2026-03-03,Statement by the High Representative on behalf of the European Union on the alignment of certain third countries with Council Decision (CFSP) 2026/383 of 17 February 2026 amending Decision 2011/101/CFSP concerning restrictive measures in view of the situation in Zimbabwe.,https://www.consilium.europa.eu/en/press/press-releases/2026/03/03/statement-by-the-high-representative-on-behalf-of-the-eu-on-the-alignment-of-certain-countries-concerning-restrictive-measures-in-view-of-the-situation-in-zimbabwe/,83.md,Yes,"Compliance, Oversight, and Enforcement Actions",International
2026-03-01,The EU issued a statement on developments in Iran and the Middle East.,https://www.consilium.europa.eu/en/press/press-releases/2026/03/01/statement-by-the-high-representative-on-behalf-of-the-european-union-on-developments-in-the-middle-east/,84.md,Yes,"Ministerial, Diplomatic, and International Engagements",International
2026-02-28,President Costa and President von der Leyen issued a joint statement on developments in Iran.,https://www.consilium.europa.eu/en/press/press-releases/2026/02/28/joint-statement-by-president-costa-and-president-von-der-leyen-on-developments-in-iran/,85.md,Yes,"Ministerial, Diplomatic, and International Engagements",International
2026-02-28,The EU issued a statement on the escalation between Afghanistan and Pakistan.,https://www.consilium.europa.eu/en/press/press-releases/2026/02/28/statement-by-the-high-representative-on-behalf-of-the-eu-on-the-escalation-between-afghanistan-and-pakistan/,86.md,Yes,"Ministerial, Diplomatic, and International Engagements",International
2026-02-27,Overview of the main subjects to be discussed at meetings of the Council of the EU over the next two weeks and upcoming media events.,https://www.consilium.europa.eu/en/press/press-releases/2026/02/27/forward-look-2026/,87.md,No,,
2026-02-27,"Weekly schedule of President António Costa, 2-8 March 2026.",https://www.consilium.europa.eu/en/press/press-releases/2026/02/27/weekly-schedule-of-president-antonio-costa/,88.md,No,,
2026-03-05,Western Australia welcomes the Qantas Australian Tourism Awards,https://www.wa.gov.au/government/media-statements/Cook%20Labor%20Government/Western-Australia-welcomes-the-Qantas-Australian-Tourism-Awards-20260305,89.md,No,,
2026-02-28,New Critical Minerals and Gold guide for the NT,https://resourcingtheterritory.nt.gov.au/news-and-events/news/2026/new-critical-minerals-and-gold-guide-for-the-nt,9.md,No,,
2026-03-05,New concert series arrives at METRONET stations,https://www.wa.gov.au/government/media-statements/Cook%20Labor%20Government/New-concert-series-arrives-at-METRONET-stations-20260305,90.md,Yes,"Community, First Nations, and Social Licence Initiatives",Western Australia
2026-03-05,$94 million Roebourne District High School redevelopment complete,https://www.wa.gov.au/government/media-statements/Cook%20Labor%20Government/$94-million-Roebourne-District-High-School-redevelopment-complete-20260305,91.md,Yes,Funding and Grant Announcements,Western Australia
2026-03-05,Grains genetic research alliance celebrates a decade of success,https://www.wa.gov.au/government/media-statements/Cook%20Labor%20Government/Grains-genetic-research-alliance-celebrates-a-decade-of-success-20260305,92.md,Yes,Funding and Grant Announcements,Western Australia
2026-03-05,Paid graduate programs now open for new nurses and midwives,https://www.wa.gov.au/government/media-statements/Cook%20Labor%20Government/Paid-graduate-programs-now-open-for-new-nurses-and-midwives--20260305,93.md,Yes,State and Local Government Programs,Western Australia
2026-03-05,Taste Great Southern 2026 serving up four days of local flavours,https://www.wa.gov.au/government/media-statements/Cook%20Labor%20Government/Taste-Great-Southern-2026-serving-up-four-days-of-local-flavours-20260305,94.md,No,,
2026-03-05,Pilbara land release to help Western Australians into a home,https://www.wa.gov.au/government/media-statements/Cook%20Labor%20Government/Pilbara-land-release-to-help-Western-Australians-into-a-home-20260305,95.md,Yes,"Community, First Nations, and Social Licence Initiatives",Western Australia
2026-03-04,Family law specialist appointed as a Family Court magistrate,https://www.wa.gov.au/government/media-statements/Cook%20Labor%20Government/Family-law-specialist-appointed-as-a-Family-Court-magistrate-20260304,96.md,No,,
2026-03-04,WA's economic growth continues to outpace the nation,https://www.wa.gov.au/government/media-statements/Cook%20Labor%20Government/WA's-economic-growth-continues-to-outpace-the-nation-20260304,97.md,No,,
2026-03-04,Agriculture Youth Safety Award winners our future leaders,https://www.wa.gov.au/government/media-statements/Cook%20Labor%20Government/Agriculture-Youth-Safety-Award-winners-our-future-leaders-20260304,98.md,No,,
2026-03-04,Expanded desalination plant to help secure Pilbara's water supply,https://www.wa.gov.au/government/media-statements/Cook%20Labor%20Government/Expanded-desalination-plant-to-help-secure-Pilbara's-water-supply-20260304,99.md,Yes,"Infrastructure, Project Approvals, and EPBC Developments",Western Australia
