Date,Title,URL,md_file,ESG_or_not,Story_Type,Jurisdiction,Cross_sector_relevance,Policy_significance,Business_risk_opportunity,Strategic_ESG_signal,Corporate_governance_relevance,Forward_looking_insight,Member Relevance,Rating,Relevance
2026-04-23,Reliability Panel prioritises stability for consumers with proposed change to reliability standard for 2028-2032,https://www.aemc.gov.au/news-centre/media-releases/reliability-panel-prioritises-stability-consumers-proposed-change-reliability-standard-2028-2032,1.md,Yes,Legislative and Statutory Developments,Australian National Scope,7,8,7,4,7,6,8,6.59322,Medium
2026-04-22,Network pricing reform could cut household electricity bills and deliver $6 billion in system savings,https://www.aemc.gov.au/news-centre/media-releases/network-pricing-reform-could-cut-household-electricity-bills-and-deliver-6-billion-system-savings,2.md,Yes,"Reports, Data Releases, and Analytical Insights",Australian National Scope,8,7,8,6,7,7,8,7.220339,High
2026-04-22,AEMC proposes enhanced distribution network planning to support local energy solutions,https://www.aemc.gov.au/news-centre/media-releases/aemc-proposes-enhanced-distribution-network-planning-support-local-energy-solutions,3.md,Yes,Legislative and Statutory Developments,Australian National Scope,9,8,8,8,7,8,8,8.016949,High
2026-04-24,"Workshop helps untie knots of power, protection and representation",https://www.parliament.vic.gov.au/news/general-news/pacific-women,4.md,Yes,Parliamentary and Political Proceedings,Victoria,6,6,8,7,5,6,1,6.169492,Medium
2026-04-17,Parents warn public schools have 'become the charity' as funding shortfalls bite,https://www.parliament.vic.gov.au/news/general-news/school-funding,5.md,Yes,Parliamentary and Political Proceedings,Victoria,5,7,6,6,4,6,2,5.559322,Medium
2026-04-22,Small places with fresh spaces for our tiniest communities,https://www.rdv.vic.gov.au/news/small-places-with-fresh-spaces-for-our-tiniest-communities,6.md,Yes,Funding and Grant Announcements,Victoria,6,6,7,7,3,6,6,5.864407,Medium
2026-04-23,EU adopts 20th package of sanctions against Russia,https://ec.europa.eu/commission/presscorner/detail/en/ip_26_869,CLEANED,NO FILE,,,,,,,,,,,
2026-04-22,Commission recommendation to facilitate Power Purchase Agreement take-up,https://energy.ec.europa.eu/news/commission-recommendation-facilitate-power-purchase-agreement-take-2026-04-22_en,8.md,Yes,Legislative and Statutory Developments,International,8,8,8,7,7,7,9,7.576271,High
2026-04-22,"Commission proposes actions to protect Europeans from the fossil energy crisis and accelerate the shift to clean, homegrown energy",https://ec.europa.eu/commission/presscorner/detail/en/ip_26_629,CLEANED,NO FILE,,,,,,,,,,,
2026-04-22,Remarks by Executive Vice-President Ribera and Commissioner Jørgensen at the press conference on AccelerateEU,https://ec.europa.eu/commission/presscorner/detail/en/speech_26_863,CLEANED,NO FILE,,,,,,,,,,,
2026-04-22,"LIFE Calls for proposals 2026: €601.5 million for a greener, more competitive Europe",https://cinea.ec.europa.eu/news-events/news/life-calls-proposals-2026-eu6015-million-greener-more-competitive-europe-2026-04-22_en,11.md,Yes,Funding and Grant Announcements,International,9,9,9,9,6,8,7,8.322034,High
2026-04-21,Eurostat: Significant increase in fuel prices in March 2026,https://ec.europa.eu/eurostat/en/web/products-eurostat-news/w/ddn-20260421-1,12.md,No,,,,,,,,,,,
2026-04-21,Introducing the 2026 cohort of Young Energy Ambassadors,https://energy.ec.europa.eu/news/introducing-2026-cohort-young-energy-ambassadors-2026-04-21_en,13.md,Yes,Corporate and Institutional ESG Actions,International,7,7,6,8,6,8,9,7.050847,High
2026-04-20,In focus: EU energy security explained,https://energy.ec.europa.eu/news/focus-eu-energy-security-explained-2026-04-20_en,14.md,Yes,"Reports, Data Releases, and Analytical Insights",International,8,8,8,8,8,7,8,7.847458,High
2026-04-17,Commissioner Jørgensen in Spain to discuss ways to tackle the energy and housing crises,https://energy.ec.europa.eu/news/commissioner-jorgensen-spain-discuss-ways-tackle-energy-and-housing-crises-2026-04-17_en,15.md,Yes,"Ministerial, Diplomatic, and International Engagements",International,6,7,7,6,6,6,8,6.40678,Medium
2026-04-24,Speech to Australian Government Data Summit,https://www.ato.gov.au/media-centre/speech-to-australian-government-data-summit,CLEANED,NO FILE,,,,,,,,,,,
2026-04-22,Anzac Day 2026,https://nt.gov.au/news/2026/anzac-day-2026,17.md,No,,,,,,,,,,,
2026-04-22,Joint media release: Securing more fuel and fertiliser,https://minister.agriculture.gov.au/collins/media-releases/securing-more-fuel-and-fertiliser,18.md,Yes,Funding and Grant Announcements,Australian National Scope,8,7,6,5,6,4,7,6.084746,Medium
2026-04-20,Joint media release: Now available: $6.15 billion to back Australian industry and shore up supply chains,https://minister.agriculture.gov.au/collins/media-releases/now-available-615-billion-back-australian-industry-and-shore-supply-chains,19.md,Yes,Funding and Grant Announcements,Australian National Scope,9,8,9,8,6,8,8,8.033898,High
2026-04-17,Joint media release: Securing more fertiliser for Australian farmers,https://minister.agriculture.gov.au/collins/media-releases/securing-more-fertiliser-for-australian-farmers,20.md,Yes,"Ministerial, Diplomatic, and International Engagements",Australian National Scope,8,7,7,6,8,6,6,6.983051,Medium
2026-04-23,CBAM: How to make decarbonisation efforts pay off,https://taxation-customs.ec.europa.eu/carbon-border-adjustment-mechanism/carbon-border-adjustment-mechanism-how-make-decarbonisation-efforts-pay-2026-05-07_en,21.md,Yes,Consultation and Policy Design Opportunities,International,7,8,8,8,6,6,5,7.118644,High
2026-04-17,Meet Australia’s 2025 Biosecurity Top Dog,https://www.agriculture.gov.au/about/news/meet-australias-2025-biosecurity-top-dog,22.md,Yes,"Environmental Protection, Biodiversity, and Nature Policy",Australian National Scope,6,7,9,6,2,1,7,5.338983,Medium
2026-04-24,Applications for the meat inspector traineeship are now open!,https://www.agriculture.gov.au/about/news/applications-meat-inspector-traineeship-now-open,23.md,Yes,Funding and Grant Announcements,Australian National Scope,6,6,7,6,4,4,3,5.457627,Medium
2026-04-24,Experienced leader takes helm of Safe Food Queensland,https://statements.qld.gov.au/statements/104950,24.md,Yes,Corporate and Institutional ESG Actions,Queensland,6,6,6,5,8,5,5,5.966102,Medium
2026-04-24,Crisafulli Government delivering eight Neuro Wellness Hubs in regional Queensland,https://statements.qld.gov.au/statements/104945,25.md,Yes,"Infrastructure, Project Approvals, and EPBC Developments",Queensland,2,7,7,6,6,5,4,5.440678,Medium
2026-04-24,Statement from the Attorney-General,https://statements.qld.gov.au/statements/104946,26.md,Yes,Parliamentary and Political Proceedings,Queensland,3,7,1,0,2,0,0,2.169492,Low
2026-04-24,Crisafulli Government helping power the future with Australia-first facility in Townsville,https://statements.qld.gov.au/statements/104941,27.md,Yes,"Infrastructure, Project Approvals, and EPBC Developments",Queensland,9,8,8,6,7,9,9,7.898305,High
2026-04-24,London and Canberra calling: Inaugural Westminster Prize launches,https://statements.qld.gov.au/statements/104937,28.md,No,,,,,,,,,,,
2026-04-24,Crisafulli Government takes key step to fast-track the Taroom Trough,https://statements.qld.gov.au/statements/104942,29.md,Yes,"Infrastructure, Project Approvals, and EPBC Developments",Queensland,6,7,7,4,7,4,7,5.915254,Medium
2026-04-23,"A safer, more reliable journey delivered for Mount Warren Park residents",https://statements.qld.gov.au/statements/104938,30.md,Yes,"Infrastructure, Project Approvals, and EPBC Developments",Queensland,7,6,7,6,2,5,7,5.610169,Medium
2026-04-23,"Crisafulli Government expands landmark Adult Crime, Adult Time",https://statements.qld.gov.au/statements/104935,31.md,Yes,Legislative and Statutory Developments,Queensland,6,8,6,5,7,2,2,5.59322,Medium
2026-04-23,Safety upgrade on Bruce Highway at Tully to begin ahead of schedule,https://statements.qld.gov.au/statements/104936,32.md,No,,,,,,,,,,,
2026-04-23,Bruce Highway safety upgrade underway for 22 kilometres in Central Queensland,https://statements.qld.gov.au/statements/104932,33.md,Yes,"Infrastructure, Project Approvals, and EPBC Developments",Queensland,6,6,7,6,2,6,8,5.627119,Medium
2026-04-22,Crisafulli Government future-proofing water security in Longreach,https://statements.qld.gov.au/statements/104929,34.md,Yes,"Infrastructure, Project Approvals, and EPBC Developments",Queensland,8,6,7,4,7,7,7,6.542373,Medium
2026-04-22,New Coomera Hospital reaches important redesign milestone,https://statements.qld.gov.au/statements/104928,35.md,Yes,"Infrastructure, Project Approvals, and EPBC Developments",Queensland,7,6,7,7,8,6,8,6.864407,Medium
2026-04-22,Investing in results to revive Southeast Asia’s Forests,https://www.greenclimate.fund/news/investing-results-revive-southeast-asia-s-forests,36.md,Yes,Funding and Grant Announcements,International,8,8,8,8,8,8,8,8,High
2026-04-23,Stronger together: Biodiversity Conventions boost synergy for global impact,https://whc.unesco.org/en/news/2892,37.md,Yes,"Ministerial, Diplomatic, and International Engagements",International,8,8,7,7,6,8,3,7.20339,High
2026-04-23,UNESCO statement on Ngorongoro Conservation Area,https://whc.unesco.org/en/news/2891,38.md,Yes,"Environmental Protection, Biodiversity, and Nature Policy",International,8,8,9,8,8,7,7,7.983051,High
2026-04-21,People and nature: UNESCO safeguarding life and heritage,https://whc.unesco.org/en/news/2890,CLEANED,NO FILE,,,,,,,,,,,
2026-04-23,Governor Newsom announces 38 new film projects – from animated features to big budget productions and independents – coming to the Golden State,https://www.gov.ca.gov/2026/04/23/governor-newsom-announces-38-new-film-projects-from-animated-features-to-big-budget-productions-and-independents-coming-to-the-golden-state/,40.md,Yes,"Infrastructure, Project Approvals, and EPBC Developments",International,7,8,6,6,6,6,4,6.440678,Medium
2026-04-23,"Welcome to California, Bed, Bath & Beyond!",https://www.gov.ca.gov/2026/04/23/welcome-to-california-bed-bath-beyond/,41.md,No,,,,,,,,,,,
2026-04-23,"Governor, First Partner statement on the passing of Michael Tilson Thomas",https://www.gov.ca.gov/2026/04/23/governor-first-partner-statement-on-the-passing-of-michael-tilson-thomas/,CLEANED,NO FILE,,,,,,,,,,,
2026-04-23,Governor Newsom proclaims Workers’ Memorial Day,https://www.gov.ca.gov/2026/04/23/governor-newsom-proclaims-workers-memorial-day/,CLEANED,NO FILE,,,,,,,,,,,
2026-04-22,Governor Newsom announces appointments 4.22.26,https://www.gov.ca.gov/2026/04/22/governor-newsom-announces-appointments-4-22-26/,44.md,Yes,Parliamentary and Political Proceedings,International,4,2,2,2,7,1,4,3.016949,Low
2026-04-20,ABS calls for Norfolk Islanders to fill 2026 Census jobs,https://www.abs.gov.au/media-centre/media-releases/abs-calls-norfolk-islanders-fill-2026-census-jobs,45.md,No,,,,,,,,,,,
2026-04-20,ABS begins nationwide Field Officer recruitment for the 2026 Census,https://www.abs.gov.au/media-centre/media-releases/abs-begins-nationwide-field-officer-recruitment-2026-census,46.md,No,,,,,,,,,,,
2026-04-21,Advice for DSS-funded service providers experiencing fuel supply disruptions,https://www.dss.gov.au/news/advice-dss-funded-service-providers-experiencing-fuel-supply-disruptions,47.md,Yes,State and Local Government Programs,Australian National Scope,5,7,7,4,5,6,4,5.644068,Medium
2026-04-23,Coming soon: electronic newsletter for community sector,https://www.dss.gov.au/news/coming-soon-electronic-newsletter-community-sector,CLEANED,NO FILE,,,,,,,,,,,
2026-04-23,April Reporting Roundup,https://aasb.gov.au/news/april-reporting-roundup/,FAILED,NO FILE,,,,,,,,,,,
2026-04-24,APRA consults on amendments to reporting standards for life insurers,https://www.apra.gov.au/news-and-publications/apra-consults-on-amendments-to-reporting-standards-for-life-insurers,50.md,Yes,Consultation and Policy Design Opportunities,Australian National Scope,4,2,0,1,2,1,6,1.830508,Low
2026-04-21,Rangelands in focus as Kenya prepares for Desertification and Drought Day,https://www.unccd.int/news-stories/press-releases/rangelands-focus-kenya-prepares-desertification-and-drought-day,51.md,Yes,"Environmental Protection, Biodiversity, and Nature Policy",International,7,8,7,8,4,8,5,6.949153,Medium
2026-04-17,Helping vulnerable Victorians slash energy bills,https://www.solar.vic.gov.au/helping-vulnerable-victorians-slash-energy-bills,52.md,Yes,Funding and Grant Announcements,Victoria,9,8,9,9,3,8,7,7.694915,High
2026-04-21,National Reconstruction Fund Corporation invests $10.1 million in Syenta to help anchor a semiconductor manufacturing sector in Australia,https://www.nrf.gov.au/news-and-media-releases/national-reconstruction-fund-corporation-invests-101-million-syenta-help-anchor-semiconductor-manufacturing-sector-australia,53.md,Yes,Funding and Grant Announcements,Australian National Scope,8,6,7,8,7,7,8,7.186441,High
2026-04-20,Support for logistics and manufacturing businesses goes live as Economic Resilience Program opens,https://www.nrf.gov.au/news-and-media-releases/support-logistics-and-manufacturing-businesses-goes-live-economic-resilience-program-opens,54.md,Yes,Funding and Grant Announcements,Australian National Scope,8,8,7,8,4,8,9,7.254237,High
2026-04-20,"Insight Snapshot: Capturing More Value in Agriculture, Forestry and Fisheries",https://www.nrf.gov.au/news-and-media-releases/insight-snapshot-capturing-more-value-agriculture-forestry-and-fisheries,55.md,Yes,Consultation and Policy Design Opportunities,Australian National Scope,8,4,7,7,2,7,7,5.898305,Medium
2026-04-23,"REOS Spotlight: Recruitment remains strong, as employer challenges grow",https://www.jobsandskills.gov.au/news/reos-spotlight-recruitment-remains-strong-employer-challenges-grow,56.md,Yes,"Reports, Data Releases, and Analytical Insights",Australian National Scope,7,0,3,2,0,2,1,2.338983,Low
2026-04-23,New dataset reveals how VET training relates to jobs,https://www.jobsandskills.gov.au/news/new-dataset-reveals-how-vet-training-relates-jobs,CLEANED,NO FILE,,,,,,,,,,,
2026-04-23,Chart your career path from training to employment,https://www.jobsandskills.gov.au/news/chart-your-career-path-training-employment,58.md,Yes,"Reports, Data Releases, and Analytical Insights",Australian National Scope,5,0,2,2,0,2,2,1.864407,Low
2026-04-22,"Strong growth in care, education and professional roles",https://www.jobsandskills.gov.au/news/strong-growth-care-education-and-professional-roles,59.md,Yes,"Reports, Data Releases, and Analytical Insights",Australian National Scope,6,0,2,6,0,6,4,3.322034,Low
2026-04-23,Event Wrap-Up - Meeting Consumers Where They Are: FSC Unpacks Digital Financial Advice,https://fsc.org.au/news/event-wrap-up-meeting-consumers-where-they-are-fsc-unpacks-digital-financial-advice,60.md,Yes,"Reports, Data Releases, and Analytical Insights",Australian National Scope,7,7,6,6,6,6,7,6.372881,Medium
2026-04-24,Grant to refurbish 55 social housing units in Broome,https://www.wa.gov.au/government/media-statements/Cook%20Labor%20Government/Grant-to-refurbish-55-social-housing-units-in-Broome-20260424,61.md,Yes,Funding and Grant Announcements,Western Australia,6,7,8,6,7,2,6,6.050847,Medium
2026-04-24,Community engagement progressing for Exmouth Gulf Marine Park,https://www.wa.gov.au/government/media-statements/Cook%20Labor%20Government/Community-engagement-progressing-for-Exmouth-Gulf-Marine-Park-20260424,62.md,Yes,"Environmental Protection, Biodiversity, and Nature Policy",Western Australia,8,8,8,8,9,7,8,8,High
2026-04-24,Significant new funding commitments to save lives on WA roads,https://www.wa.gov.au/government/media-statements/Cook%20Labor%20Government/Significant-new-funding-commitments-to-save-lives-on-WA-roads-20260424,63.md,Yes,Funding and Grant Announcements,Western Australia,6,8,7,7,7,7,7,7,Medium
2026-04-24,EIS delivers stellar results across drilling and geophysics,https://www.wa.gov.au/government/media-statements/Cook%20Labor%20Government/EIS-delivers-stellar-results-across-drilling-and-geophysics-20260424,64.md,Yes,Funding and Grant Announcements,Western Australia,6,4,4,2,5,2,6,3.949153,Low
2026-04-24,State Budget to support 111 new lots in Broome North,https://www.wa.gov.au/government/media-statements/Cook%20Labor%20Government/State-Budget-to-support-111-new-lots-in-Broome-North-20260424,65.md,Yes,"Infrastructure, Project Approvals, and EPBC Developments",Western Australia,7,7,6,6,7,6,6,6.491525,Medium
2026-04-24,Western Aussies urged to roll up sleeves for World Immunisation Week,https://www.wa.gov.au/government/media-statements/Cook%20Labor%20Government/Western-Aussies-urged-to-roll-up-sleeves-for-World-Immunisation-Week-20260423,66.md,Yes,"Community, First Nations, and Social Licence Initiatives",Western Australia,6,6,2,6,0,3,0,3.745763,Low
2026-04-23,Cook Labor Government secures 8 million litres of diesel for WA,https://www.wa.gov.au/government/media-statements/Cook%20Labor%20Government/Cook-Labor-Government-secures-8-million-litres-of-diesel-for-WA-20260423,67.md,No,,,,,,,,,,,
2026-04-23,Reprieve from exploration spending requirements amid fuel pinch,https://www.wa.gov.au/government/media-statements/Cook%20Labor%20Government/Reprieve-from-exploration-spending-requirements-amid-fuel-pinch-20260423,68.md,Yes,Legislative and Statutory Developments,Western Australia,5,7,6,2,2,6,6,4.779661,Low
2026-04-23,Cook Labor Government to digitise driver's licences,https://www.wa.gov.au/government/media-statements/Cook%20Labor%20Government/Cook-Labor-Government-to-digitise-driver's-licences-20260423,69.md,Yes,"Infrastructure, Project Approvals, and EPBC Developments",Western Australia,7,8,8,7,6,7,6,7.152542,High
2026-04-23,Italian legends in WA ahead of exclusive football matches,https://www.wa.gov.au/government/media-statements/Cook%20Labor%20Government/Italian-legends-in-WA-ahead-of-exclusive-football-matches-20260423,70.md,Yes,State and Local Government Programs,Western Australia,6,2,8,6,2,6,4,4.983051,Low
2026-04-23,Cook Labor Government and Fremantle Dockers unite to anchor defence industry connections,https://www.wa.gov.au/government/media-statements/Cook%20Labor%20Government/Cook-Labor-Government-and-Fremantle-Dockers-unite-to-anchor-defence-industry-connections-20260423,71.md,Yes,State and Local Government Programs,Western Australia,8,6,7,5,7,7,7,6.694915,Medium
2026-04-23,Spending uplift for mental health services across Western Australia,https://www.wa.gov.au/government/media-statements/Cook%20Labor%20Government/Spending-uplift-for-mental-health-services-across-Western-Australia-20260423,72.md,Yes,Funding and Grant Announcements,Western Australia,5,7,3,7,7,8,1,5.932203,Medium
2026-04-23,Busselton Centre dual-named 'Djooditj' first in project,https://www.wa.gov.au/government/media-statements/Cook%20Labor%20Government/Busselton-Centre-dual-named-'Djooditj'-first-in-project-20260423,73.md,Yes,"Community, First Nations, and Social Licence Initiatives",Western Australia,4,6,4,6,6,6,7,5.355932,Medium
2026-04-22,Budget fully funds Albany Health Campus expansion,https://www.wa.gov.au/government/media-statements/Cook%20Labor%20Government/Budget-fully-funds-Albany-Health-Campus-expansion-20260422,74.md,Yes,"Infrastructure, Project Approvals, and EPBC Developments",Western Australia,6,6,7,7,6,6,8,6.389831,Medium
2026-04-22,Lotterywest grants supporting creative spaces across WA,https://www.wa.gov.au/government/media-statements/Cook%20Labor%20Government/Lotterywest-grants-supporting-creative-spaces-across-WA-20260422,75.md,Yes,Funding and Grant Announcements,Western Australia,6,2,6,6,2,7,2,4.728814,Low
2026-04-22,Bunbury's waterfront gets $89.1 million State Budget boost,https://www.wa.gov.au/government/media-statements/Cook%20Labor%20Government/Bunbury's-waterfront-gets-$89.1-million-State-Budget-boost---20260422,76.md,Yes,"Infrastructure, Project Approvals, and EPBC Developments",Western Australia,6,6,4,5,6,6,6,5.508475,Medium
2026-04-22,Joint media statement - $8 million boost to upgrade WA recycling infrastructure,https://www.wa.gov.au/government/media-statements/Cook%20Labor%20Government/Joint-media-statement---$8-million-boost-to-upgrade-WA-recycling-infrastructure-20260422,77.md,Yes,Funding and Grant Announcements,Western Australia,8,8,9,9,7,8,8,8.169492,High
2026-04-22,Mid West RED grants creating jobs and diversifying business,https://www.wa.gov.au/government/media-statements/Cook%20Labor%20Government/Mid-West-RED-grants-creating-jobs-and-diversifying-business-20260422,78.md,Yes,Funding and Grant Announcements,Western Australia,7,4,6,6,4,5,5,5.338983,Medium
2026-04-22,Australind train service set to return between Perth and Bunbury,https://www.wa.gov.au/government/media-statements/Cook%20Labor%20Government/Australind-train-service-set-to-return-between-Perth-and-Bunbury-20260422,79.md,Yes,"Infrastructure, Project Approvals, and EPBC Developments",Western Australia,8,6,7,6,6,6,8,6.576271,Medium
2026-04-22,Applications now open for WA Innovators of the Year 2026,https://www.wa.gov.au/government/media-statements/Cook%20Labor%20Government/Applications-now-open-for-WA-Innovators-of-the-Year-2026-20260422,80.md,Yes,Funding and Grant Announcements,Western Australia,7,6,6,4,2,4,4,4.881356,Low
2026-04-24,Securing Australia’s fuel supply,https://www.dcceew.gov.au/about/news/securing-australias-fuel-supply,81.md,Yes,Legislative and Statutory Developments,Australian National Scope,7,7,6,4,6,6,7,6.067797,Medium
2026-04-23,Measuring nature’s value for better environmental decisions,https://www.dcceew.gov.au/about/news/measuring-natures-value-better-environmental-decisions,82.md,Yes,"Reports, Data Releases, and Analytical Insights",Australian National Scope,9,9,8,7,8,8,6,8.118644,High
2026-04-23,Improving Fremantle’s Samson Park for nature,https://www.dcceew.gov.au/about/news/improving-fremantles-samson-park-nature,83.md,Yes,Funding and Grant Announcements,Australian National Scope,6,7,8,7,2,7,7,6.237288,Medium
2026-04-22,Macquarie Harbour water improvement a step closer,https://www.dcceew.gov.au/about/news/macquarie-harbour-water-improvement-step-closer,84.md,Yes,"Infrastructure, Project Approvals, and EPBC Developments",Australian National Scope,8,8,7,8,6,7,3,7.20339,High
2026-04-22,Restoring banksia woodland habitat,https://www.dcceew.gov.au/about/news/restoring-banksia-woodland-habitat,CLEANED,NO FILE,,,,,,,,,,,
2026-04-22,Partnering to protect Sea Country,https://www.dcceew.gov.au/about/news/partnering-protect-sea-country,86.md,Yes,Funding and Grant Announcements,Queensland,9,9,8,9,8,9,7,8.610169,High
2026-04-17,World Heritage Day: Protecting our unique places,https://www.dcceew.gov.au/about/news/world-heritage-day-protecting-our-unique-places,87.md,Yes,"Environmental Protection, Biodiversity, and Nature Policy",Australian National Scope,6,7,6,6,3,6,2,5.576271,Medium
2026-04-17,Review of NGER Method 2 for open-cut coal mines,https://www.dcceew.gov.au/about/news/review-nger-method-2-open-cut-coal-mines,88.md,Yes,Consultation and Policy Design Opportunities,Australian National Scope,8,8,6,8,6,8,8,7.355932,High
2026-04-24,Landscape-scale cultural burning study expands,https://www.nsw.gov.au/departments-and-agencies/local-land-services/news/landscape-scale-cultural-burning-study-expands,89.md,Yes,"Environmental Protection, Biodiversity, and Nature Policy",NSW,8,8,8,9,7,8,8,8,High
2026-04-21,Forum to help landholders cash in on natural capital opportunities,https://www.nsw.gov.au/departments-and-agencies/local-land-services/news/forum-to-help-landholders-cash-on-natural-capital-opportunities,90.md,Yes,"Community, First Nations, and Social Licence Initiatives",NSW,8,7,8,8,4,8,8,7.220339,High
2026-04-20,Business leaders call for 25 red tape reduction amid rising costs,https://www.aicd.com.au/news-media/media-releases/2026/alliance-of-industry-associations-pre-budget-submission-26-27.html,91.md,Yes,Legislative and Statutory Developments,Australian National Scope,7,7,7,4,4,5,5,5.711864,Medium
2026-04-24,Government's take joint action to support Liberty Bell Bay workers during sale process,https://www.pm.gov.au/media/governments-take-joint-action-support-liberty-bell-bay-workers-during-sale-process,92.md,Yes,Funding and Grant Announcements,Australian National Scope,9,6,7,6,7,6,6,6.830508,Medium
2026-04-23,Television interview - ABC Afternoon Briefing,https://www.pm.gov.au/media/television-interview-abc-afternoon-briefing-7,93.md,Yes,Parliamentary and Political Proceedings,Australian National Scope,7,6,4,4,7,5,4,5.457627,Medium
2026-04-23,Press conference - Sydney,https://www.pm.gov.au/media/press-conference-sydney-32,94.md,Yes,Legislative and Statutory Developments,Australian National Scope,9,7,7,7,7,7,8,7.372881,High
2026-04-23,Press conference - Sydney,https://www.pm.gov.au/media/press-conference-sydney-31,CLEANED,NO FILE,,,,,,,,,,,
2026-04-23,Podcast interview - The Daily Aus,https://www.pm.gov.au/media/podcast-interview-daily-aus-1,96.md,No,,,,,,,,,,,
2026-04-23,Radio interview - ABC Sydney,https://www.pm.gov.au/media/radio-interview-abc-sydney-21,97.md,No,,,,,,,,,,,
2026-04-22,Radio interview - ABC Sydney,https://www.pm.gov.au/media/radio-interview-abc-sydney-20,98.md,No,,,,,,,,,,,
2026-04-22,Securing more fuel and fertiliser,https://www.pm.gov.au/media/securing-more-fuel-and-fertiliser,CLEANED,NO FILE,,,,,,,,,,,
2026-04-21,Press conference - Port Botany,https://www.pm.gov.au/media/press-conference-port-botany,100.md,No,,,,,,,,,,,
2026-04-20,Television interview - ABC 7:30,https://www.pm.gov.au/media/television-interview-abc-730-18,101.md,No,,,,,,,,,,,
2026-04-18,Press conference - Sydney,https://www.pm.gov.au/media/press-conference-sydney-30,102.md,Yes,"Ministerial, Diplomatic, and International Engagements",Australian National Scope,7,6,6,3,6,6,8,5.779661,Medium
2026-04-17,"Press conference - Viva Refinery, Geelong",https://www.pm.gov.au/media/press-conference-viva-refinery-geelong,103.md,Yes,"Infrastructure, Project Approvals, and EPBC Developments",Australian National Scope,8,6,7,6,7,6,8,6.728814,Medium
2026-04-23,Deuteration supports blood test to help diagnose breast cancer,https://www.ansto.gov.au/news/deuteration-supports-blood-test-to-help-diagnose-breast-cancer,104.md,Yes,"Reports, Data Releases, and Analytical Insights",Australian National Scope,8,2,6,5,2,6,7,4.932203,Low
2026-04-22,Professor Helen Garnett appointed to ANSTO Board,https://www.ansto.gov.au/news/professor-helen-garnett-appointed-to-ansto-board,105.md,Yes,"Ministerial, Diplomatic, and International Engagements",Australian National Scope,3,2,4,4,7,4,6,4.016949,Low
2026-04-22,Implement solar thermal to decarbonize industry,https://www.wbcsd.org/news/implement-solar-thermal-to-decarbonize-industry/,106.md,Yes,"Reports, Data Releases, and Analytical Insights",International,9,6,9,9,7,7,9,7.881356,High
2026-04-21,Materiality Mindset: Operationalizing Materiality from Insight to Foresight,https://www.wbcsd.org/news/materiality-mindset-operationalizing-materiality-from-insight-to-foresight/,107.md,Yes,Corporate and Institutional ESG Actions,International,8,9,9,9,9,9,8,8.79661,High
2026-04-20,Putting People at the Center of Climate Action: The importance of measuring the Just Transition,https://www.wbcsd.org/news/putting-people-at-the-center-of-climate-action-the-importance-of-measuring-the-just-transition/,108.md,Yes,"Reports, Data Releases, and Analytical Insights",International,9,8,9,9,9,9,8,8.79661,High
2026-04-20,How clean electrification can build energy security for business,https://www.wbcsd.org/news/how-clean-electrification-can-build-energy-security-for-business/,109.md,Yes,"Reports, Data Releases, and Analytical Insights",International,9,7,8,8,7,8,8,7.847458,High
2026-04-17,Electrify industrial heat generation to eliminate emissions,https://www.wbcsd.org/news/electrify-industrial-heat-generation-to-eliminate-emissions/,110.md,Yes,"Reports, Data Releases, and Analytical Insights",International,9,8,9,9,8,7,9,8.372881,High
2026-04-24,The hidden mechanics of connected care: Ensuring better outcomes for patients,https://www.csiro.au/en/news/All/Articles/2026/April/Interoperability-as-the-hidden-mechanics-of-connected-care,111.md,Yes,"Reports, Data Releases, and Analytical Insights",Australian National Scope,7,6,6,6,6,7,4,6.254237,Medium
2026-04-21,Technology transfer workshop highlights role of enabling environment in LDCs,https://www.wto.org/english/news_e/news26_e/trip_21apr26_367_e.htm,CLEANED,NO FILE,,,,,,,,,,,
2026-04-17,"Madagascar launches safeguard investigation on certain juices, nectars and non-alcoholic beverages",https://www.wto.org/english/news_e/news26_e/safe_mdg_17apr26_366_e.htm,CLEANED,NO FILE,,,,,,,,,,,
2026-04-17,"Madagascar launches safeguard investigation on certain tableware, kitchenware, and household and packaging articles",https://www.wto.org/english/news_e/news26_e/safe_mdg_17apr26_365_e.htm,114.md,No,,,,,,,,,,,
2026-04-20,Road transport contractual chain order issued,https://www.fwc.gov.au/about-us/news-and-media/news/road-transport-contractual-chain-order-issued,115.md,Yes,"Compliance, Oversight, and Enforcement Actions",Australian National Scope,6,6,4,2,7,4,7,4.932203,Low
2026-04-17,Registration of the Timber Furnishing and Textiles Union and withdrawal from the CFMEU from 17 April 2026,https://www.fwc.gov.au/cfmeu-and-tftu,116.md,Yes,"Compliance, Oversight, and Enforcement Actions",Australian National Scope,4,6,2,2,1,1,1,2.677966,Low
2026-04-24,Reminder: income tax returns due soon for taxable NFPs,https://www.ato.gov.au/not-for-profit-newsroom/reminder-income-tax-returns-due-soon-for-taxable-nfps,CLEANED,NO FILE,,,,,,,,,,,
2026-04-24,A word from Tom Wheeler - April 2026,https://www.ato.gov.au/not-for-profit-newsroom/a-word-from-tom-wheeler-april-2026,CLEANED,NO FILE,,,,,,,,,,,
2026-04-24,Nominate for our Not-for-profit Stewardship Group,https://www.ato.gov.au/not-for-profit-newsroom/nominate-for-our-not-for-profit-stewardship-group,CLEANED,NO FILE,,,,,,,,,,,
2026-04-22,Updated transfer pricing guideline published,https://www.ato.gov.au/businesses-and-organisations/business-bulletins-newsroom/updated-transfer-pricing-guideline-published,CLEANED,NO FILE,,,,,,,,,,,
2026-04-21,Unexpected contact about your super or SMSF? Check this first,https://www.ato.gov.au/individuals-and-families/super-for-individuals-and-families/self-managed-super-funds-smsf/smsf-newsroom/unexpected-contact-about-your-super-or-smsf-check-this-first,121.md,No,,,,,,,,,,,
2026-04-21,Super funds and CIVs required to lodge RTP schedule for TT26,https://www.ato.gov.au/businesses-and-organisations/business-bulletins-newsroom/super-funds-and-civs-required-to-lodge-rtp-schedule-for-tt26,CLEANED,NO FILE,,,,,,,,,,,
2026-04-20,Increased visibility for trust elections,https://www.ato.gov.au/tax-and-super-professionals/for-tax-professionals/tax-professionals-newsroom/increased-visibility-for-trust-elections,CLEANED,NO FILE,,,,,,,,,,,
2026-04-20,Section D: Declaration and signature – Super funds,https://www.ato.gov.au/forms-and-instructions/reportable-tax-position-schedule-and-instructions-2026/rtp-schedule-instructions-2026-super-funds/section-d-declaration-and-signature-super-funds,CLEANED,NO FILE,,,,,,,,,,,
2026-04-20,How to get the RTP schedule 2026 – Super funds,https://www.ato.gov.au/forms-and-instructions/reportable-tax-position-schedule-and-instructions-2026/rtp-schedule-instructions-2026-super-funds/how-to-get-the-rtp-schedule-2026-super-funds,125.md,Yes,"Compliance, Oversight, and Enforcement Actions",Australian National Scope,0,3,0,0,0,0,7,0.745763,Low
2026-04-20,RTP schedule instructions 2026 – Super funds,https://www.ato.gov.au/forms-and-instructions/reportable-tax-position-schedule-and-instructions-2026/rtp-schedule-instructions-2026-super-funds,CLEANED,NO FILE,,,,,,,,,,,
2026-04-23,Western Sydney International Airport (WSI) Noise Insulation Program commences,https://www.infrastructure.gov.au/department/media/news/western-sydney-international-airport-wsi-noise-insulation-program-commences,127.md,Yes,"Infrastructure, Project Approvals, and EPBC Developments",Australian National Scope,6,7,6,6,2,6,7,5.59322,Medium
2026-04-23,Road safety set to improve across Queensland,https://www.infrastructure.gov.au/department/media/news/road-safety-set-improve-across-queensland,128.md,Yes,Funding and Grant Announcements,Queensland,3,7,6,2,5,5,7,4.779661,Low
2026-04-23,ACE scholarships for teaching in adult and community education,https://djsir.vic.gov.au/news-and-articles/ace-scholarships-for-teaching-in-adult-and-community-education,129.md,Yes,Funding and Grant Announcements,Victoria,6,6,7,6,0,6,4,5.186441,Medium
2026-04-22,TAFEs unlocking new opportunities in the care economy,https://djsir.vic.gov.au/news-and-articles/tafes-unlocking-new-opportunities-in-the-care-economy,130.md,Yes,Funding and Grant Announcements,Victoria,6,4,7,6,2,7,8,5.440678,Medium
2026-04-21,Food manufacturing giant making new Ballarat flour mill bigger and better,https://djsir.vic.gov.au/news-and-articles/food-manufacturing-giant-making-new-ballarat-flour-mill-bigger-and-better,131.md,No,,,,,,,,,,,
2026-04-21,2025-26 Premier’s Awards for Health and Medical Research winners and finalists announced,https://djsir.vic.gov.au/news-and-articles/2025-26-premiers-awards-for-health-and-medical-research-winners-and-finalists-announced,132.md,Yes,Funding and Grant Announcements,Victoria,4,0,2,2,0,2,7,1.864407,Low
2026-04-20,Helping young people in out-of-home care into TAFE and university,https://djsir.vic.gov.au/news-and-articles/helping-young-people-in-out-of-home-care-into-tafe-and-university,133.md,Yes,Funding and Grant Announcements,Victoria,7,7,6,7,3,7,8,6.254237,Medium
2026-04-17,"Shining a spotlight on fresh fruit and veg in Mildura, Swan Hill and Shepparton","https://djsir.vic.gov.au/news-and-articles/shining-a-spotlight-on-fresh-fruit-and-veg-in-mildura,-swan-hill-and-shepparton",134.md,No,,,,,,,,,,,
2026-04-22,Albanese Government Backs Darwin Student Accommodation,https://www.naif.gov.au/media-centre/albanese-government-backs-darwin-student-accommodation/,135.md,Yes,"Infrastructure, Project Approvals, and EPBC Developments",Northern Territory,7,6,7,6,6,7,9,6.59322,Medium
2026-04-23,Boosting Affordable Housing in North Queensland,https://www.naif.gov.au/media-centre/boosting-affordable-housing-in-north-queensland/,136.md,Yes,"Infrastructure, Project Approvals, and EPBC Developments",Queensland,6,8,8,7,6,7,9,7.084746,High
2026-04-22,Speech: Accelerating Data and Digital AI Capability in the Australian Public Service,https://www.dta.gov.au/articles/speech-accelerating-data-and-digital-ai-capability-australian-public-service,137.md,Yes,"Compliance, Oversight, and Enforcement Actions",Australian National Scope,7,8,8,8,7,8,4,7.542373,High
2026-04-23,Norfolk Island PFAS monitoring and management,https://www.infrastructure.gov.au/department/media/news/norfolk-island-pfas-monitoring-and-management,138.md,Yes,"Environmental Protection, Biodiversity, and Nature Policy",Australian National Scope,4,8,8,6,8,6,7,6.677966,Medium
2026-04-23,"Premier Energies Outlines ESG Strategy Anchored in Decarbonization, Supply Chain Control, and Workforce Inclusion",https://esgnews.com/premier-energies-outlines-esg-strategy-anchored-in-decarbonization-supply-chain-control-and-workforce-inclusion/,CLEANED,NO FILE,,,,,,,,,,,
2026-04-20,TOP 20 ESG ETFs In 2026,https://esgnews.com/top-20-esg-etfs-in-2026/,CLEANED,NO FILE,,,,,,,,,,,
2026-04-17,"Market Signals: ESG ETF & Clean Energy ETF Briefing — April 17, 2026",https://esgnews.com/esg-etf-market-signals-april-17-2026/,141.md,Yes,"Reports, Data Releases, and Analytical Insights",International,9,8,9,9,7,7,9,8.220339,High
2026-04-23,Australian Industry Group appointed to Executive Cyber Council,https://www.australianindustrygroup.com.au/news/media-centre/2026/australian-industry-group-appointed-to-executive-cyber-council/,142.md,Yes,"Ministerial, Diplomatic, and International Engagements",Australian National Scope,8,7,7,7,8,7,4,7.220339,High
2026-04-20,Australian Industry Group welcomes launch of $1 billion Economic Resilience Program,https://www.australianindustrygroup.com.au/news/media-centre/2026/australian-industry-group-welcomes-launch-of-$1-billion-economic-resilience-program/,CLEANED,NO FILE,,,,,,,,,,,
2026-04-20,CEFC investments recognised in IJ Global Awards,https://www.cefc.com.au/media/in-the-news/cefc-investments-recognised-in-ij-global-awards/,144.md,Yes,Corporate and Institutional ESG Actions,Australian National Scope,8,7,9,7,7,7,9,7.576271,High
2026-04-20,Renewable Metals raises $12 million Series A to scale next-generation lithium-ion battery recycling technology,https://www.cefc.com.au/media/media-release/renewable-metals-raises-12-million-series-a-to-scale-next-generation-lithium-ion-battery-recycling-technology/,145.md,Yes,Funding and Grant Announcements,Australian National Scope,9,7,9,9,7,8,8,8.169492,High
2026-04-17,Victorian TAFE Centre of Excellence to power clean energy workforce,https://www.dewr.gov.au/newsroom/articles/victorian-tafe-centre-excellence-power-clean-energy-workforce,146.md,Yes,Funding and Grant Announcements,Victoria,9,8,8,9,6,8,9,8.050847,High
2026-04-22,Securing more fuel and fertiliser 22 April 2026,https://www.exportfinance.gov.au/newsroom/securing-more-fuel-and-fertiliser/,147.md,Yes,Legislative and Statutory Developments,Australian National Scope,8,7,6,6,7,6,7,6.694915,Medium
2026-04-24,Advice for funded service providers experiencing fuel supply disruptions,https://www.niaa.gov.au/news-and-media/advice-funded-service-providers-experiencing-fuel-supply-disruptions,148.md,Yes,State and Local Government Programs,Australian National Scope,5,6,6,4,4,4,5,4.881356,Low
2026-04-23,Next generation of marine experts set sail on national sea-training voyage,https://www.csiro.au/en/news/All/News/2026/April/Next-generation-of-marine-experts-set-sail-with-CAPSTAN,149.md,Yes,"Environmental Protection, Biodiversity, and Nature Policy",Australian National Scope,7,5,6,6,3,6,7,5.576271,Medium
2026-04-21,CSIRO outlines a regional blueprint to safeguard Australia’s food future,https://www.csiro.au/en/news/All/News/2026/April/Regional-blueprint-to-safeguard-Australias-food-future,150.md,Yes,"Reports, Data Releases, and Analytical Insights",Queensland,9,7,8,8,7,8,6,7.779661,High
2026-04-23,Appointment of Chief Investment Officer,https://www.futurefund.gov.au/news-room/20260423---Appointment-of-Chief-Investment-Officer,151.md,No,,,,,,,,,,,
2026-04-20,Media statement,https://www.futurefund.gov.au/news-room/20260420--Statement-to-the-Australian-Financial-Review,CLEANED,NO FILE,,,,,,,,,,,
2026-04-22,Criteria for mandatory sustainability reporting are tested each reporting period,https://www.bdo.com.au/en-au/insights/esg-sustainability/criteria-for-mandatory-sustainability-reporting-are-tested-each-reporting-period,153.md,Yes,Legislative and Statutory Developments,Australian National Scope,7,9,9,8,8,8,7,8.135593,High
2026-04-21,Rounding in sustainability reports,https://www.bdo.com.au/en-au/insights/esg-sustainability/rounding-in-sustainability-reports,154.md,Yes,Legislative and Statutory Developments,Australian National Scope,8,8,8,7,8,7,7,7.661017,High
2026-04-20,ISSB and GRI open consultations on proposed updates to sustainability disclosures,https://www.bdo.com.au/en-au/insights/esg-sustainability/issb-and-gri-open-consultations-on-proposed-updates-to-sustainability-disclosures,155.md,Yes,Consultation and Policy Design Opportunities,International,9,9,9,8,7,8,8,8.355932,High
2026-04-20,Example directors’ declarations about the sustainability report,https://www.bdo.com.au/en-au/insights/esg-sustainability/example-directors-declarations-about-the-sustainability-report,156.md,Yes,Legislative and Statutory Developments,Australian National Scope,7,9,7,8,8,7,4,7.542373,High
2026-04-20,Climate science meets policy: The foundation for AASB S2,https://www.bdo.com.au/en-au/insights/esg-sustainability/climate-science-meets-policy-the-foundation-for-aasb-s2,157.md,Yes,"Reports, Data Releases, and Analytical Insights",Australian National Scope,8,9,9,9,8,8,8,8.491525,High
2026-04-24,"Free TAFE: Bigger, Better, Guaranteed",https://www.premier.vic.gov.au/free-tafe-bigger-better-guaranteed,158.md,Yes,Funding and Grant Announcements,Victoria,8,6,8,7,2,7,6,6.372881,Medium
2026-04-23,Backing Volunteer and Forest Firefighters to Keep Victorians Safe,https://www.premier.vic.gov.au/backing-volunteer-and-forest-firefighters-keep-victorians-safe,159.md,Yes,"Infrastructure, Project Approvals, and EPBC Developments",Victoria,8,7,8,8,4,7,6,7,Medium
2026-04-23,New $50 Million Renewable Energy Tafe Centre Of Excellence Driving Gippsland’s Big Transition,https://www.premier.vic.gov.au/new-50-million-renewable-energy-tafe-centre-excellence-driving-gippslands-big-transition,160.md,Yes,"Infrastructure, Project Approvals, and EPBC Developments",Victoria,8,8,8,9,8,8,9,8.186441,High
2026-04-23,The Violence Reduction Unit Is Here To Stay,https://www.premier.vic.gov.au/violence-reduction-unit-here-stay,161.md,Yes,Funding and Grant Announcements,Victoria,6,7,5,7,6,7,0,6.101695,Medium
2026-04-22,Honouring The Lifetime Contributions Of Victorian Seniors,https://www.premier.vic.gov.au/honouring-lifetime-contributions-victorian-seniors,162.md,Yes,Consultation and Policy Design Opportunities,Victoria,2,1,2,2,0,4,1,1.79661,Low
2026-04-22,More Resources For Police To Keep Victorians Safe,https://www.premier.vic.gov.au/more-resources-police-keep-victorians-safe,163.md,Yes,Parliamentary and Political Proceedings,Victoria,4,6,6,3,5,6,1,4.881356,Low
2026-04-22,"Tiny Towns, Big Upgrades",https://www.premier.vic.gov.au/tiny-towns-big-upgrades,164.md,Yes,Funding and Grant Announcements,Victoria,3,5,5,3,0,4,3,3.372881,Low
2026-04-21,Upgraded Police Station For Narre Warren,https://www.premier.vic.gov.au/upgraded-police-station-narre-warren,165.md,Yes,"Infrastructure, Project Approvals, and EPBC Developments",Victoria,2,4,6,6,4,4,6,4.372881,Low
2026-04-21,Statement From The Premier,https://www.premier.vic.gov.au/statement-premier-166,166.md,No,,,,,,,,,,,
2026-04-23,Batteries continue to dominate NEM connections as pipeline grows,https://www.aemo.com.au/newsroom/media-release/batteries-continue-to-dominate-nem-connections-as-pipeline-grows,167.md,Yes,"Infrastructure, Project Approvals, and EPBC Developments",Australian National Scope,8,7,8,8,4,7,9,7.101695,High
2026-04-21,Historic catalyst for NSW healthcare as $96 million RNA Research and Manufacturing Facility opens to support new therapeutic innovations,https://www.chiefscientist.nsw.gov.au/news/historic-catalyst-for-nsw-healthcare-as-$96-million-rna-research-and-manufacturing-facility-opens-to-support-new-therapeutic-innovations,168.md,Yes,"Infrastructure, Project Approvals, and EPBC Developments",NSW,9,8,7,6,4,8,9,7.118644,High
2026-04-24,Gippsland Irrigation Expo to help farmers future proof,https://agriculture.vic.gov.au/about/media-centre/media-releases/2026-releases/gippsland-irrigation-expo-to-help-farmers-future-proof,169.md,Yes,State and Local Government Programs,Victoria,8,7,8,6,3,7,7,6.576271,Medium
2026-04-22,Explore the Q1 2026 QCMR data workbook,https://cer.gov.au/news-and-media/news/2026/april/explore-q1-2026-qcmr-data-workbook,170.md,Yes,"Reports, Data Releases, and Analytical Insights",Australian National Scope,8,8,6,6,4,6,8,6.440678,Medium
2026-04-24,Albanese Government backs battery manufacturers with $4.3 million for increased energy resilience,https://www.minister.industry.gov.au/ministers/timayres/media-releases/albanese-government-backs-battery-manufacturers-43-million-increased-energy-resilience,171.md,Yes,Funding and Grant Announcements,Australian National Scope,9,8,9,9,8,9,8,8.644068,High
2026-04-23,New agreement on AI collaboration with Microsoft,https://www.minister.industry.gov.au/ministers/charlton/media-releases/new-agreement-ai-collaboration-microsoft,CLEANED,NO FILE,,,,,,,,,,,
2026-04-23,New agreement on AI collaboration with Microsoft,https://www.minister.industry.gov.au/ministers/timayres/media-releases/new-agreement-ai-collaboration-microsoft,173.md,Yes,"Ministerial, Diplomatic, and International Engagements",Australian National Scope,8,8,8,6,6,7,6,7.169492,High
2026-04-20,Now available: $6.15 billion to back Australian industry and shore up supply chains,https://www.minister.industry.gov.au/ministers/timayres/media-releases/now-available-615-billion-back-australian-industry-and-shore-supply-chains,CLEANED,NO FILE,,,,,,,,,,,
2026-04-23,The Australian Government has signed a memorandum of understanding (MOU) with tech giant Microsoft,https://www.industry.gov.au/news/australian-government-has-signed-memorandum-understanding-mou-tech-giant-microsoft,175.md,Yes,"Ministerial, Diplomatic, and International Engagements",Australian National Scope,7,7,6,6,6,6,6,6.338983,Medium
2026-04-22,"Secretary-General Saddened by Death of Second French Peacekeeper in Lebanon Attack, Calls for ‘Prompt’ Investigation, Accountability",https://press.un.org/en/2026/sgsm23099.doc.htm,CLEANED,NO FILE,,,,,,,,,,,
2026-04-22,"Seize Opportunity to Lend Your Insights, Judgements on Crucial Issue of Artificial Intelligence, Secretary-General Tell Welcoming Reception for AI Scientific Panel",https://press.un.org/en/2026/sgsm23096.doc.htm,177.md,No,,,,,,,,,,,
2026-04-22,"Antidote to Turmoil Found in Buddha’s ‘Timeless’ Teachings of Non-violence, Secretary-General Says on International Vesak Day",https://press.un.org/en/2026/sgsm23098.doc.htm,CLEANED,NO FILE,,,,,,,,,,,
2026-04-22,"With Intention, Foresight, International Community Can Build Safer Communities, Secretary-General Says in Message for Earthquake Victims’ Remembrance Day",https://press.un.org/en/2026/sgsm23097.doc.htm,179.md,Yes,"Environmental Protection, Biodiversity, and Nature Policy",International,8,6,7,7,2,7,4,6.135593,Medium
2026-04-21,"Activities of Secretary-General in Washington, D.C., 15 April",https://press.un.org/en/2026/sgt3461.doc.htm,180.md,Yes,"Ministerial, Diplomatic, and International Engagements",International,7,6,6,6,6,6,7,6.20339,Medium
2026-04-21,"Unleash Renewable Energy Revolution for Cleaner, Safer Planet, Secretary-General Urges in Video Message for Petersberg Climate Dialogue",https://press.un.org/en/2026/sgsm23095.doc.htm,181.md,No,,,,,,,,,,,
2026-04-20,Secretary-General Appoints Rania A. al-Mashat of Egypt Executive Secretary of Economic and Social Commission for Western Asia,https://press.un.org/en/2026/sga2408.doc.htm,CLEANED,NO FILE,,,,,,,,,,,
2026-04-20,"Secretary-General, at Permanent Forum Opening Ceremony, Says World Must Listen, Learn from Indigenous Peoples, Lays Out Ways to Erase Practical, Institutional Barriers",https://press.un.org/en/2026/sgsm23094.doc.htm,FAILED,NO FILE,,,,,,,,,,,
2026-04-20,"Scale Up, Expedite Financing Citing Fast-Growing $4 Trillion Sustainable Development Funding Gap, Secretary-General Urges as Development Financing Forum Opens",https://press.un.org/en/2026/sgsm23092.doc.htm,184.md,Yes,"Ministerial, Diplomatic, and International Engagements",International,9,9,6,6,7,9,8,7.694915,High
2026-04-20,"May Spanish Language that Connects Shores, Preserves Memories and Brings World Together Continue Fostering Cooperation, Secretary-General Says in Observance Message",https://press.un.org/en/2026/sgsm23093.doc.htm,CLEANED,NO FILE,,,,,,,,,,,
2026-04-24,Joint media release: Securing more fuel for the regions,https://minister.dcceew.gov.au/bowen/media-releases/joint-media-release-securing-more-fuel-regions,186.md,Yes,Legislative and Statutory Developments,Australian National Scope,6,7,5,2,2,1,8,4.084746,Low
2026-04-22,Joint media release: Securing more fuel and fertiliser,https://minister.dcceew.gov.au/bowen/media-releases/joint-media-release-securing-more-fuel-and-fertiliser,CLEANED,NO FILE,,,,,,,,,,,
2026-04-22,Chief Scientist delivers speech at the Centre for AI and Digital Ethics,https://www.chiefscientist.gov.au/news-and-media/chief-scientist-delivers-speech-centre-ai-and-digital-ethics,188.md,Yes,"Ministerial, Diplomatic, and International Engagements",Australian National Scope,9,8,9,8,9,9,6,8.576271,High
2026-04-24,Partnership funding protecting threatened species,https://www.premier.tas.gov.au/latest-news/2026/april/partnership-funding-protecting-threatened-species,189.md,Yes,Funding and Grant Announcements,Tasmania,7,8,8,7,4,7,2,6.711864,Medium
2026-04-24,West Coast District Hospital Upgrade – Stage 2 construction tenders invited,https://www.premier.tas.gov.au/latest-news/2026/april/west-coast-district-hospital-upgrade-stage-2-construction-tenders-invited,190.md,Yes,"Infrastructure, Project Approvals, and EPBC Developments",Tasmania,6,6,6,6,4,3,7,5.271186,Medium
2026-04-24,Launceston Running Festival unveils new waterfront finish,https://www.premier.tas.gov.au/latest-news/2026/april/launceston-running-festival-unveils-new-waterfront-finish,191.md,No,,,,,,,,,,,
2026-04-24,Tasmanian food and beverage returns to the botanical gardens,https://www.premier.tas.gov.au/latest-news/2026/april/tasmanian-food-and-beverage-returns-to-the-botanical-gardens,192.md,No,,,,,,,,,,,
2026-04-24,Grants announced to support Tasmanian Men’s Sheds,https://www.premier.tas.gov.au/latest-news/2026/april/grants-announced-to-support-tasmanian-mens-sheds,193.md,Yes,Funding and Grant Announcements,Tasmania,3,6,4,4,1,2,2,3.338983,Low
2026-04-23,Doubling the life of Trevallyn Dam’s critical energy infrastructure,https://www.premier.tas.gov.au/latest-news/2026/april/doubling-the-life-of-trevallyn-dams-critical-energy-infrastructure,194.md,Yes,"Infrastructure, Project Approvals, and EPBC Developments",Tasmania,7,4,7,3,4,6,8,5.305085,Medium
2026-04-23,Tasmanians invited to have their say on assisted dying legislation,https://www.premier.tas.gov.au/latest-news/2026/april/tasmanians-invited-to-have-their-say-on-assisted-dying-legislation,195.md,Yes,Consultation and Policy Design Opportunities,Tasmania,2,8,1,3,5,5,2,3.915254,Low
2026-04-21,More crisis and transitional housing for women and children across Hobart,https://www.premier.tas.gov.au/latest-news/2026/april/more-crisis-and-transitional-housing-for-women-and-children-across-hobart,196.md,Yes,"Infrastructure, Project Approvals, and EPBC Developments",Tasmania,6,8,8,8,4,7,6,6.830508,Medium
2026-04-21,Fuel security front and centre of upcoming trade and investment mission,https://www.premier.tas.gov.au/latest-news/2026/april/fuel-security-front-and-centre-of-upcoming-trade-and-investment-mission,197.md,Yes,"Ministerial, Diplomatic, and International Engagements",Tasmania,8,6,6,5,5,7,7,6.220339,Medium
2026-04-21,Thousands of new homes for Tasmanian first home buyers,https://www.premier.tas.gov.au/latest-news/2026/april/thousands-of-new-homes-for-tasmanian-first-home-buyers,198.md,Yes,"Infrastructure, Project Approvals, and EPBC Developments",Tasmania,6,7,7,6,5,6,7,6.220339,Medium
2026-04-20,Landmarks light up to honour 100th birthday of late Queen Elizabeth II,https://www.premier.tas.gov.au/latest-news/2026/april/landmarks-light-up-to-honour-100th-birthday-of-late-queen-elizabeth-ii,199.md,No,,,,,,,,,,,
2026-04-20,Significant progress at Berth 3,https://www.premier.tas.gov.au/latest-news/2026/april/significant-progress-at-berth-3,200.md,Yes,"Infrastructure, Project Approvals, and EPBC Developments",Tasmania,6,3,5,5,2,5,7,4.440678,Low
2026-04-24,Securing more fuel for the regions,https://www.trademinister.gov.au/minister/don-farrell/media-release/securing-more-fuel-regions,CLEANED,NO FILE,,,,,,,,,,,
2026-04-22,Securing more fuel and fertiliser,https://www.trademinister.gov.au/minister/don-farrell/media-release/securing-more-fuel-and-fertiliser,CLEANED,NO FILE,,,,,,,,,,,
2026-04-17,Protocol on economic resilience and essential supplies,https://www.trademinister.gov.au/minister/don-farrell/media-release/protocol-economic-resilience-and-essential-supplies,203.md,Yes,"Ministerial, Diplomatic, and International Engagements",International,7,7,6,2,3,6,6,5.271186,Medium
2026-04-24,Press conference,https://www.trademinister.gov.au/minister/don-farrell/transcript/press-conference,204.md,Yes,"Infrastructure, Project Approvals, and EPBC Developments",Australian National Scope,7,6,6,4,6,4,6,5.559322,Medium
2026-04-17,"Interview with Kieran Gilbert, Sky Newsday",https://www.trademinister.gov.au/minister/don-farrell/transcript/interview-kieran-gilbert-sky-newsday-1,205.md,Yes,"Ministerial, Diplomatic, and International Engagements",Australian National Scope,7,3,6,6,4,6,7,5.389831,Medium
2026-04-17,"Doorstop, Singapore",https://www.trademinister.gov.au/minister/don-farrell/transcript/doorstop-singapore,206.md,Yes,"Ministerial, Diplomatic, and International Engagements",Australian National Scope,8,7,6,5,6,6,6,6.355932,Medium
2026-04-22,Joint Statement Australia-France Ministerial Trade and Investment Dialogue,https://www.trademinister.gov.au/minister/don-farrell/statements/joint-statement-australia-france-ministerial-trade-and-investment-dialogue,207.md,Yes,"Ministerial, Diplomatic, and International Engagements",Australian National Scope,8,8,8,8,7,7,7,7.661017,High
2026-04-24,Australian Government General Government Sector Monthly Financial Statements for March 2026,https://ministers.finance.gov.au/financeminister/media-release/2026/04/24/australian-government-general-government-sector-monthly-financial-statements-march-2026,208.md,No,,,,,,,,,,,
2026-04-21,PowerUp Victoria: regulator’s partnership with Women’s Health in the North,https://www.esc.vic.gov.au/media-centre/powerup-victoria-regulators-partnership-womens-health-north,CLEANED,NO FILE,,,,,,,,,,,
2026-04-24,NPWS hazard reduction burn in Morton National Park | Media release,https://www.environment.nsw.gov.au/news/npws-hazard-reduction-burn-morton-national-park,CLEANED,NO FILE,,,,,,,,,,,
2026-04-24,Hazard reduction burn – Sapphire Coast area | Media release,https://www.environment.nsw.gov.au/news/hazard-reduction-burn-sapphire-coast-area,CLEANED,NO FILE,,,,,,,,,,,
2026-04-24,State Heritage Register listing of Ravensworth Homestead | Media statement,https://www.environment.nsw.gov.au/news/state-heritage-register-listing-ravensworth-homestead,212.md,Yes,Legislative and Statutory Developments,NSW,3,7,6,5,5,6,3,5.254237,Medium
2026-04-23,Hazard reduction burn in Brindabella National Park | Media release,https://www.environment.nsw.gov.au/news/hazard-reduction-burn-brindabella-national-park,213.md,Yes,"Environmental Protection, Biodiversity, and Nature Policy",NSW,6,7,6,7,2,6,2,5.576271,Medium
2026-04-23,NPWS hazard reduction burns continue in Wollemi National Park | Media release,https://www.environment.nsw.gov.au/news/npws-hazard-reduction-burns-continue-wollemi-national-park,CLEANED,NO FILE,,,,,,,,,,,
2026-04-22,Hazard reduction burn – Eurobodalla area | Media release,https://www.environment.nsw.gov.au/news/hazard-reduction-burn-eurobodalla-area,CLEANED,NO FILE,,,,,,,,,,,
2026-04-22,Hazard reduction burns – Sapphire Coast area | Media release,https://www.environment.nsw.gov.au/news/hazard-reduction-burns-sapphire-coast-area,CLEANED,NO FILE,,,,,,,,,,,
2026-04-21,Hazard reduction burns across Sydney this week | Media release,https://www.environment.nsw.gov.au/news/hazard-reduction-burns-across-sydney-week,217.md,Yes,"Environmental Protection, Biodiversity, and Nature Policy",NSW,6,6,7,7,1,6,1,5.389831,Medium
2026-04-21,New signs installed to protect koalas on local roads | News,https://www.environment.nsw.gov.au/news/new-signs-installed-protect-koalas-local-roads,218.md,Yes,"Environmental Protection, Biodiversity, and Nature Policy",NSW,7,7,6,8,5,7,7,6.677966,Medium
2026-04-21,Restoring koala habitat in the New England Tablelands | News,https://www.environment.nsw.gov.au/news/restoring-koala-habitat-new-england-tablelands,219.md,Yes,"Environmental Protection, Biodiversity, and Nature Policy",NSW,6,7,2,8,2,7,6,5.338983,Medium
2026-04-23,Commission announces 2028 European Green Cities competitors,https://environment.ec.europa.eu/news/commission-announces-2028-european-green-cities-competitors-2026-04-23_en,220.md,Yes,Funding and Grant Announcements,International,8,9,8,8,7,6,5,7.610169,High
2026-04-23,Youth voices help shape circular future at annual conference,https://environment.ec.europa.eu/news/youth-voices-help-shape-circular-future-annual-conference-2026-04-23_en,221.md,Yes,Consultation and Policy Design Opportunities,International,9,9,8,8,8,7,6,8.118644,High
2026-04-22,ForOurPlanet 2026 calls for bringing nature back to life,https://environment.ec.europa.eu/news/forourplanet-2026-calls-bringing-nature-back-life-2026-04-22_en,222.md,Yes,"Environmental Protection, Biodiversity, and Nature Policy",International,7,8,6,8,3,6,1,6.186441,Medium
2026-04-21,Why the EU Ecolabel is young consumers’ roadmap to more conscious consumption,https://environment.ec.europa.eu/news/why-eu-ecolabel-young-consumers-roadmap-more-conscious-consumption-2026-04-21_en,223.md,Yes,"Environmental Protection, Biodiversity, and Nature Policy",International,8,8,8,8,3,7,5,6.983051,Medium
2026-04-21,Creating win-win for business and people key to success of circular economy,https://www.eea.europa.eu/en/newsroom/news/creating-win-win-for-business-and-people-key-to-success-of-circular-economy,224.md,Yes,"Reports, Data Releases, and Analytical Insights",International,9,9,8,8,9,9,8,8.644068,High
2026-04-20,Help shape Europe’s Circular Economy Act: Join the final stakeholder workshop,https://environment.ec.europa.eu/news/help-shape-europes-circular-economy-act-join-final-stakeholder-workshop-2026-04-20_en,225.md,Yes,Consultation and Policy Design Opportunities,International,8,9,7,8,9,8,5,8.050847,High
2026-04-20,"Blooming, beautiful, and chemical-free: Great gardens can also be pollinator havens",https://environment.ec.europa.eu/news/blooming-beautiful-and-chemical-free-great-gardens-can-also-be-pollinator-havens-2026-04-20_en,226.md,Yes,"Environmental Protection, Biodiversity, and Nature Policy",International,7,7,4,7,2,7,2,5.559322,Medium
2026-04-19,"Sow, Grow, Unite: A garden for every generation in Gozo",https://environment.ec.europa.eu/news/sow-grow-unite-garden-every-generation-gozo-2026-04-19_en,227.md,Yes,"Community, First Nations, and Social Licence Initiatives",International,9,6,7,8,2,8,3,6.576271,Medium
2026-04-17,How a tourism project is helping protect nature and jobs in Colombia,https://environment.ec.europa.eu/news/how-tourism-project-helping-protect-nature-and-jobs-colombia-2026-04-17_en,228.md,Yes,"Environmental Protection, Biodiversity, and Nature Policy",International,8,0,9,8,6,7,5,6.254237,Medium
2026-04-17,Bringing soil science to life for the next generation,https://environment.ec.europa.eu/news/bringing-soil-science-life-next-generation-2026-04-17_en,229.md,Yes,"Community, First Nations, and Social Licence Initiatives",International,6,2,6,7,1,7,5,4.830508,Low
2026-04-24,Major redevelopment of Gillieston Public School reaches new heights,https://www.nsw.gov.au/ministerial-releases/major-redevelopment-of-gillieston-public-school-reaches-new-heights,230.md,Yes,"Infrastructure, Project Approvals, and EPBC Developments",NSW,4,6,7,6,6,6,6,5.830508,Medium
2026-04-24,"$12.3 million to accelerate over 9,800 new homes across regional NSW",https://www.nsw.gov.au/ministerial-releases/123-million-to-accelerate-over-9800-new-homes-across-regional-nsw,231.md,Yes,"Infrastructure, Project Approvals, and EPBC Developments",NSW,7,6,8,6,7,7,8,6.881356,Medium
2026-04-24,Hunter girls fired up for their futures,https://www.nsw.gov.au/ministerial-releases/hunter-girls-fired-up-for-their-futures,232.md,Yes,Funding and Grant Announcements,NSW,7,7,7,8,2,7,2,6.220339,Medium
2026-04-24,Home stretch: fuel compliance inspections close in on most remote service stations this long weekend,https://www.nsw.gov.au/ministerial-releases/fuel-inspections-remote-stations,233.md,Yes,"Compliance, Oversight, and Enforcement Actions",NSW,6,7,6,6,3,6,4,5.644068,Medium
2026-04-24,Young families lead the charge at latest Lismore buyback homes auction,https://www.nsw.gov.au/ministerial-releases/young-families-lead-charge-at-latest-lismore-buyback-homes-auction,234.md,Yes,"Infrastructure, Project Approvals, and EPBC Developments",NSW,8,8,8,8,7,8,6,7.779661,High
2026-04-24,Applications open to celebrate NSW carers,https://www.nsw.gov.au/ministerial-releases/applications-open-celebrate-carers,235.md,Yes,Funding and Grant Announcements,NSW,4,7,6,6,2,6,2,5.084746,Medium
2026-04-24,"More than 15,000 new homes for Punchbowl and Wiley Park",https://www.nsw.gov.au/ministerial-releases/more-than-15000-new-homes-for-punchbowl-and-wiley-park,236.md,Yes,"Infrastructure, Project Approvals, and EPBC Developments",NSW,7,8,8,6,6,7,8,7.067797,High
2026-04-24,$50 million relief for community services sector as Minns Labor Government reduces levy,https://www.nsw.gov.au/ministerial-releases/community-services-long-service-levy-reduced,237.md,Yes,Funding and Grant Announcements,NSW,6,8,7,7,6,8,6,6.966102,Medium
2026-04-24,World class observatory opens in Mallanganee,https://www.nsw.gov.au/ministerial-releases/mallanganee-observatory-opens,238.md,No,,,,,,,,,,,
2026-04-24,23 retailers closed in targeted tobacco and vaping blitz,https://www.nsw.gov.au/ministerial-releases/23-retailers-closed-targeted-tobacco-and-vaping-blitz,239.md,Yes,"Compliance, Oversight, and Enforcement Actions",NSW,6,8,7,6,2,4,1,5.423729,Medium
2026-04-23,Boosting affordable housing in North Queensland,https://minister.infrastructure.gov.au/m-king/media-release/boosting-affordable-housing-north-queensland,240.md,Yes,Funding and Grant Announcements,Australian National Scope,7,7,8,8,7,6,7,7.169492,High
2026-04-22,Albanese Government backs Darwin student accommodation,https://minister.infrastructure.gov.au/m-king/media-release/albanese-government-backs-darwin-student-accommodation,241.md,Yes,"Infrastructure, Project Approvals, and EPBC Developments",Northern Territory,7,6,7,6,2,6,9,5.830508,Medium
2026-04-21,"Federal, state and territory ministers commit to a strong north",https://minister.infrastructure.gov.au/m-king/media-release/federal-state-and-territory-ministers-commit-strong-north,242.md,No,,,,,,,,,,,
2026-04-22,Participants Workshop 2026,https://blueeconomycrc.com.au/participants-workshop-2026/,243.md,No,,,,,,,,,,,
2026-04-18,EU Organic Awards: application period still open!,https://circulareconomy.europa.eu/platform/en/news-and-events/all-news/eu-organic-awards-application-period-still-open,244.md,Yes,Funding and Grant Announcements,International,6,7,7,7,2,4,4,5.508475,Medium
2026-04-23,The IMF Executive Board Concludes Fifth Review of the Extended Fund Facility Arrangement for Ecuador,https://www.imf.org/en/news/articles/2026/04/22/pr26126-ecuador-the-imf-concludes-5th-review-of-eff-arrangement,245.md,No,,,,,,,,,,,
2026-04-18,"Press Briefing Transcript: Western Hemisphere Department, Spring Meetings 2026",https://www.imf.org/en/news/articles/2026/04/18/tr-04172026-press-briefing-transcript-western-hemisphere-department-spring-meetings-2026,246.md,Yes,"Ministerial, Diplomatic, and International Engagements",International,6,6,6,5,3,6,6,5.389831,Medium
2026-04-18,"Press Briefing Transcript: International Monetary and Financial Committee, Spring Meetings 2026",https://www.imf.org/en/news/articles/2026/04/17/tr-04172026-transcript-imfc-press-briefing-spring-meetings-2025,247.md,Yes,Legislative and Statutory Developments,International,8,6,6,6,8,6,8,6.711864,Medium
2026-04-18,IMF Staff Reaches Staff Level Agreement with Armenia on the First Review of the Stand-By Arrangement,https://www.imf.org/en/news/articles/2026/04/17/pr-26125-armenia-imf-staff-reaches-agreement-on-the-first-rev-of-the-stand-by-arrangement,248.md,No,,,,,,,,,,,
2026-04-18,"Press Briefing Transcript: European Department, Spring Meetings 2026",https://www.imf.org/en/news/articles/2026/04/17/tr-04172026-press-briefing-transcript-european-department-spring-meetings-2026,249.md,Yes,"Reports, Data Releases, and Analytical Insights",International,8,7,7,7,7,8,8,7.355932,High
2026-04-18,Chair’s Statement Fifty-Third Meeting of the IMFC,https://www.imf.org/en/news/articles/2026/04/17/pr26124,250.md,No,,,,,,,,,,,
2026-04-17,"Press Briefing Transcript: Middle East and Central Asia Region, Spring Meetings 2026",https://www.imf.org/en/news/articles/2026/04/16/tr-04162026-press-briefing-transcript-middle-east-and-central-asia-region-spring-meetings-2026,251.md,Yes,"Reports, Data Releases, and Analytical Insights",International,8,6,6,4,8,7,7,6.525424,Medium
2026-04-17,IMF Announces Resumption of Dealings with Venezuela,https://www.imf.org/en/news/articles/2026/04/16/pr26123-venezuela-imf-announces-resumption-of-dealings,252.md,Yes,"Ministerial, Diplomatic, and International Engagements",International,2,0,1,0,0,0,7,0.745763,Low
2026-04-22,First beams up at Maidstone Street,https://bigbuild.vic.gov.au/news/level-crossing-removal-project/first-beams-up-at-maidstone-street,253.md,Yes,"Infrastructure, Project Approvals, and EPBC Developments",Victoria,6,2,6,4,2,7,7,4.59322,Low
2026-04-20,First Nations–owned company powering tunnel boring machines with renewable energy,https://bigbuild.vic.gov.au/news/suburban-rail-loop/first-nationsowned-company-powering-tunnel-boring-machines-with-renewable-energy,254.md,Yes,"Infrastructure, Project Approvals, and EPBC Developments",Victoria,9,8,9,9,8,9,9,8.677966,High
2026-04-17,Have your say on the Point Cook Road Upgrade,https://bigbuild.vic.gov.au/news/roads/have-your-say-on-the-point-cook-road-upgrade,255.md,No,,,,,,,,,,,
2026-04-17,Shop local and win in Mordialloc,https://bigbuild.vic.gov.au/news/level-crossing-removal-project/shop-local-and-win-in-mordialloc-april,256.md,Yes,"Community, First Nations, and Social Licence Initiatives",Victoria,2,2,2,2,2,2,7,2.169492,Low
2026-04-17,Hopkins Road to close ahead of final bridge works,https://bigbuild.vic.gov.au/news/level-crossing-removal-project/hopkins-road-to-close-ahead-of-final-bridge-works,257.md,No,,,,,,,,,,,
2026-04-24,ASIC accepts cancellation of company auditor registration after raising independence concerns,https://www.asic.gov.au/about-asic/news-centre/find-a-media-release/2026-releases/26-083mr-asic-accepts-cancellation-of-company-auditor-registration-after-raising-independence-concerns/,258.md,Yes,"Compliance, Oversight, and Enforcement Actions",Australian National Scope,6,8,7,6,6,2,6,5.898305,Medium
2026-04-24,Pure Foods Tasmania reduces $4.5 million in deferred tax assets following ASIC review,https://www.asic.gov.au/about-asic/news-centre/find-a-media-release/2026-releases/26-082mr-pure-foods-tasmania-reduces-4-5-million-in-deferred-tax-assets-following-asic-review/,259.md,Yes,"Compliance, Oversight, and Enforcement Actions",Australian National Scope,4,7,6,3,6,2,3,4.661017,Low
2026-04-24,ASIC continues finfluencer crackdown alongside global regulators,https://www.asic.gov.au/about-asic/news-centre/find-a-media-release/2026-releases/26-081mr-asic-continues-finfluencer-crackdown-alongside-global-regulators/,260.md,Yes,"Compliance, Oversight, and Enforcement Actions",Australian National Scope,6,9,8,7,7,6,8,7.220339,High
2026-04-23,Federal Court dismisses ASIC’s continuous disclosure case against Nuix,https://www.asic.gov.au/about-asic/news-centre/find-a-media-release/2026-releases/26-080mr-federal-court-dismisses-asic-s-continuous-disclosure-case-against-nuix/,261.md,Yes,"Compliance, Oversight, and Enforcement Actions",Australian National Scope,5,7,7,0,6,1,5,4.457627,Low
2026-04-23,ASIC bans former MWL financial adviser John Morgan for 5 years,https://www.asic.gov.au/about-asic/news-centre/find-a-media-release/2026-releases/26-079mr-asic-bans-former-mwl-financial-adviser-john-morgan-for-5-years/,262.md,Yes,"Compliance, Oversight, and Enforcement Actions",Australian National Scope,6,6,7,2,6,2,9,5.050847,Medium
2026-04-17,"Cigno Australia and director Mark Swanepoel, BSF Solutions and director Brenton Harrison, to pay $7 million in penalties for Credit Act breaches",https://www.asic.gov.au/about-asic/news-centre/find-a-media-release/2026-releases/26-078mr-cigno-australia-and-director-mark-swanepoel-bsf-solutions-and-director-brenton-harrison-to-pay-7-million-in-penalties-for-credit-act-breaches/,263.md,Yes,"Compliance, Oversight, and Enforcement Actions",Australian National Scope,4,7,7,6,2,3,8,5,Medium
2026-04-24,Engagements with NZ Finance Minister and trans-Tasman businesses on fuel security,https://ministers.treasury.gov.au/ministers/jim-chalmers-2022/media-releases/engagements-nz-finance-minister-and-trans-tasman,264.md,Yes,"Ministerial, Diplomatic, and International Engagements",Australian National Scope,7,6,6,6,6,7,8,6.389831,Medium
2026-04-22,Regulating cash distribution services,https://ministers.treasury.gov.au/ministers/jim-chalmers-2022/media-releases/regulating-cash-distribution-services,265.md,Yes,Legislative and Statutory Developments,Australian National Scope,6,7,6,7,2,6,7,5.745763,Medium
2026-04-20,"$1,000 instant tax deduction to deliver lower, simpler taxes for 6.2 million workers",https://ministers.treasury.gov.au/ministers/jim-chalmers-2022/media-releases/1000-instant-tax-deduction-deliver-lower-simpler-taxes,266.md,Yes,Consultation and Policy Design Opportunities,Australian National Scope,3,0,2,3,1,2,0,1.762712,Low
2026-04-17,New Australia-United Kingdom MoU to unlock more investment,https://ministers.treasury.gov.au/ministers/jim-chalmers-2022/media-releases/new-australia-united-kingdom-mou-unlock-more-investment,267.md,Yes,"Ministerial, Diplomatic, and International Engagements",International,7,7,6,6,7,7,9,6.745763,Medium
