Date,Title,URL,FileName,URL_selector
2026-06-02,"Accelerating Nature-Based Solutions: Insights from Brazil, India & Indonesia",https://hub.wri.org/events/2026/6/accelerating-nature-based-solutions-insights-brazil-india-indonesia?returnTo=https%3A%2F%2Fwww.wri.org%2Fevents,9_www.wri.org-events.md,main:nth-of-type(1)
2026-06-04,"Forest Transparency in Cameroon: Insights, Challenges and the Road Ahead",https://hub.wri.org/events/2026/6/forest-transparency-cameroon-insights-challenges-and-road-ahead?returnTo=https%3A%2F%2Fwww.wri.org%2Fevents,9_www.wri.org-events.md,main:nth-of-type(1)
2026-06-03,Evolving finance solutions to enable the transition…,https://www.brighttalk.com/webcast/17290/667641?utm_source=brighttalk-portal&utm_medium=web&utm_content=esg&utm_term=search-result-10&utm_campaign=webcasts-search-results-feed&size=10&rank=-webcast_relevance&duration=0..&contentType=webcast&q=esg,11_www.brighttalk.com-search.md,div:nth-of-type(1)
2026-05-29,Governance and Risk Management Forum 2026 - NSW (Day 2),https://www.governanceinstitute.com.au/events/e09670-governance-and-risk-management-forum-2026-nsw-day-2/,5_www.governanceinstitute.com.au-events.md,main:nth-of-type(1)
2026-06-03,WA Members & Friends Coffee Catch-up,https://www.governanceinstitute.com.au/events/e10539-wa-members-friends-coffee-catch-up/,5_www.governanceinstitute.com.au-events.md,main:nth-of-type(1)
2026-06-03,Webinar: AGM readiness in a digital age,https://www.governanceinstitute.com.au/events/e10536-webinar-agm-readiness-in-a-digital-age/,5_www.governanceinstitute.com.au-events.md,main:nth-of-type(1)
2026-06-04,Brisbane Company Secretaries Discussion: AGMs - Is All the Fuss Worth It?,https://www.governanceinstitute.com.au/events/e10473-brisbane-company-secretaries-discussion-agms-is-all-the-fuss-worth-it/,5_www.governanceinstitute.com.au-events.md,main:nth-of-type(1)
2026-06-02,Gold Coast Directors Briefing: NFP Governance Performance Study,https://www.aicd.com.au/events/all-events/qld/EVNT-001114.html,4_www.aicd.com.au-events-all-events.html.md,main:nth-of-type(1)
2026-06-02,Sydney Director Download: Executive Board Dynamics: When Challenge Meets Partnership,https://www.aicd.com.au/events/all-events/nsw/EVNT-001187.html,4_www.aicd.com.au-events-all-events.html.md,main:nth-of-type(1)
2026-06-03,Launceston Directors Briefing: Culture in the Boardroom,https://www.aicd.com.au/events/all-events/tas/EVNT-001152.html,4_www.aicd.com.au-events-all-events.html.md,main:nth-of-type(1)
2026-06-02,International co-operation for the second quantum revolution,https://www.oecd.org/en/events/2026/06/international-co-operation-for-the-second-quantum-revolution.html,15_www.oecd.org-en-search-events.html.md,main:nth-of-type(1)
2026-06-02,"Updates on Per- and Polyfluoroalkyl Substances Activities in Canada, China, the United Kingdom and the European Union",https://www.oecd.org/en/events/2026/06/updates-on-per-and-polyfluoroalkyl-substances-activities-in-canada-china-the-united-kingdom-and-the-european-union.html,15_www.oecd.org-en-search-events.html.md,main:nth-of-type(1)
2026-06-02,OECD-ADBI Roundtable on Insurance and Retirement Savings in Asia 2026,https://www.oecd.org/en/events/2026/06/oecd-adbi-roundtable-on-insurance-and-retirement-savings-in-asia-2026.html,15_www.oecd.org-en-search-events.html.md,main:nth-of-type(1)
2026-06-02,International Economic Forum on Latin America and the Caribbean: Unlocking Opportunities in a Changing World,https://www.oecd.org/en/events/2026/06/2026-lac-forum.html,15_www.oecd.org-en-search-events.html.md,main:nth-of-type(1)
2026-06-03,OECD Ministerial Council Meeting 2026,https://www.oecd.org/en/events/mcm.html,15_www.oecd.org-en-search-events.html.md,main:nth-of-type(1)
2026-06-03,Launch OECD Economic Outlook,https://www.oecd.org/en/events/2026/06/launch-oecd-economic-outlook.html,15_www.oecd.org-en-search-events.html.md,main:nth-of-type(1)
2026-06-05,Artificial Intelligence and Skills: What We Know So Far,https://www.oecd.org/en/events/2026/06/artificial-intelligence-and-skills-what-we-know-so-far.html,15_www.oecd.org-en-search-events.html.md,main:nth-of-type(1)
2026-06-01,ERM at ARPEL Conference 2026,https://www.erm.com/about/events/erm-at-arpel-conference-2026/,13_www.erm.com-about-events.md,div:nth-of-type(2)
2026-06-05,Launceston Planetarium Shows - We Are Guardians,https://www.eventbrite.com.au/e/launceston-planetarium-shows-we-are-guardians-tickets-1989892379674?aff=ebdssbdestsearch,2_www.eventbrite.com.au-d-australia-events-next-week-climate-change.md,div:nth-of-type(3)
2026-06-04,Making the switch to an EV in Yarra: your questions answered,https://www.eventbrite.com.au/e/making-the-switch-to-an-ev-in-yarra-your-questions-answered-tickets-1988295221531?aff=ebdssbdestsearch,2_www.eventbrite.com.au-d-australia-events-next-week-climate-change.md,div:nth-of-type(3)
2026-06-04,Migration Law Updates: Key Policy Changes and Their Impact,https://www.eventbrite.com.au/e/migration-law-updates-key-policy-changes-and-their-impact-tickets-1984025052340?aff=ebdssbdestsearch,2_www.eventbrite.com.au-d-australia-events-next-week-climate-change.md,div:nth-of-type(1)
2026-06-05,Leading Successful Change Projects – 1 Day Leadership Workshop in Perth,https://www.eventbrite.com.au/e/leading-successful-change-projects-1-day-leadership-workshop-in-perth?aff=ebdssbdestsearch,2_www.eventbrite.com.au-d-australia-events-next-week-climate-change.md,
2026-06-05,Australian Healthcare Changes & Opportunities: 1 Day Session in Darwin,https://www.eventbrite.com.au/e/australian-healthcare-changes-opportunities-1-day-session-in-darwin?aff=ebdssbdestsearch,2_www.eventbrite.com.au-d-australia-events-next-week-climate-change.md,
2026-06-03,Executive Sustainability Roundtable,https://www.eventbrite.com.au/e/executive-sustainability-roundtable-tickets-1989874463085?aff=ebdssbdestsearch,1_www.eventbrite.com.au-d-australia-events-next-week-sustainability.md,div:nth-of-type(1)
2026-06-01,Playgroup-Sustainable Arts and Crafts,https://www.eventbrite.com.au/e/playgroup-sustainable-arts-and-crafts-tickets-1988796301274?aff=ebdssbdestsearch,1_www.eventbrite.com.au-d-australia-events-next-week-sustainability.md,div:nth-of-type(3)
2026-06-04,Dairy Innovation Day 2026,https://www.eventbrite.com.au/e/dairy-innovation-day-2026-tickets-1984586647085?aff=ebdssbdestsearch,1_www.eventbrite.com.au-d-australia-events-next-week-sustainability.md,div:nth-of-type(3)
2026-06-03,Leadership Matters Breakfast with Balaji Krishnamurthy,https://www.eventbrite.com.au/e/leadership-matters-breakfast-with-balaji-krishnamurthy-tickets-1988470919047?aff=ebdssbdestsearch,1_www.eventbrite.com.au-d-australia-events-next-week-sustainability.md,div:nth-of-type(3)
2026-06-03,Support at Home in Practice,https://www.eventbrite.com.au/e/support-at-home-in-practice-registration-1989455614297?aff=ebdssbdestsearch,1_www.eventbrite.com.au-d-australia-events-next-week-sustainability.md,div:nth-of-type(1)
2026-06-02,Reapra Roundtable: Co-creating for Generational Impact (Sydney),https://www.eventbrite.com.au/e/reapra-roundtable-co-creating-for-generational-impact-sydney-tickets-1990293666935?aff=ebdssbdestsearch,1_www.eventbrite.com.au-d-australia-events-next-week-sustainability.md,div:nth-of-type(3)
2026-06-02,Growing Greatness ~ Mindset for Success,https://www.eventbrite.com.au/e/growing-greatness-mindset-for-success-tickets-1988883762874?aff=ebdssbdestsearch,1_www.eventbrite.com.au-d-australia-events-next-week-sustainability.md,div:nth-of-type(3)
2026-06-05,Inspired Living Series - World Environment Day,https://www.eventbrite.com.au/e/inspired-living-series-world-environment-day-tickets-1985348139730?aff=ebdssbdestsearch,1_www.eventbrite.com.au-d-australia-events-next-week-sustainability.md,div:nth-of-type(3)
2026-06-03,National Electric Aviation Summit,https://www.eventbrite.com.au/e/national-electric-aviation-summit-tickets-1989067622804?aff=ebdssbdestsearch,1_www.eventbrite.com.au-d-australia-events-next-week-sustainability.md,div:nth-of-type(3)
2026-05-29,"Environmental, Social, and Governance Standards and Practices of Chinese Companies in Critical Minerals Supply Chains",https://www.iisd.org/events/environmental-social-and-governance-standards-and-practices-chinese-companies-critical,10_www.iisd.org-events.md,main:nth-of-type(1)
2026-06-02,Natural Solutions for Water Security: Canada’s Policy Path Forward,https://www.iisd.org/events/natural-solutions-water-security-canadas-policy-path-forward,10_www.iisd.org-events.md,main:nth-of-type(1)
2026-06-02,Making Green Tax Incentives Work: Protecting Revenue While Accelerating the Energy Transition,https://www.iisd.org/events/making-green-tax-incentives-work,10_www.iisd.org-events.md,main:nth-of-type(1)
2026-06-02,Exploring Sustainable Markets and Trade Opportunities for COMESA Countries,https://www.iisd.org/events/exploring-sustainable-markets-trade-opportunities-comesa-countries,10_www.iisd.org-events.md,main:nth-of-type(1)
2026-06-02,Weathering the Waters: Building climate resilience that pays off,https://www.iisd.org/events/weathering-waters-building-climate-resilience-canada,10_www.iisd.org-events.md,main:nth-of-type(1)
